"id","category_id","ministry","title","summary","announced_date","effective_date","responsible_unit","compliance_status","check_frequency","reporting_channel","related_documents","remarks","is_cancelled","last_review_date","review_period","year","created_at","updated_at"
"LA-001","LA","กระทรวงแรงงาน","ประกาศกรมสวัสดิการและคุ้มครองแรงงาน เรื่อง แบบการแจ้งการดำเนินการหรือส่งเอกสารตามมาตรฐานในการบริหารและการจัดการด้านความปลอดภัยอาชีวอนามัย และสภาพแวดล้อมในการทำงานทางสื่ออิเล็กทรอนิกส์ พ.ศ.2553","การแจ้งการดำเนินการหรือส่งเอกสารต่ออธิบดี นายจ้างอาจแจ้งหรือส่งทางสื่ออิเล็กทรอนิกส์ ครอบคลุมแบบแจ้งรายละเอียดสารเคมีอันตราย แบบรายงานการฝึกซ้อมดับเพลิงและฝึกซ้อมหนีไฟ แบบรายงานผลการตรวจสุขภาพ","17 มีนาคม 2553","18 มีนาคม 2553","Safety","C","ตามกฎหมายกำหนด","ระบุไว้ใน PD การสื่อสาร",,"บ.จัสเทล มีการขอ username & Password โดย HR","false",,,,"2026-06-03T04:01:14.971486+00:00","2026-06-03T04:01:14.971486+00:00"
"LA-002","LA","กระทรวงแรงงาน","พระราชบัญญัติ ความปลอดภัย อาชีวอนามัย และสภาพแวดล้อมในการทำงาน พ.ศ. 2554","มาตรา 6: นายจ้างมีหน้าที่จัดและดูแลสถานประกอบกิจการให้มีสภาพการทำงานที่ปลอดภัย, มาตรา 8: บริหารจัดการความปลอดภัยตามมาตรฐานกฎกระทรวง, มาตรา 13: จัดให้มี จป. และขึ้นทะเบียน, มาตรา 16: ฝึกอบรมความปลอดภัย","2554","2554","จป.ทุกระดับ / Safety","C","สรุปเดือนละ 1 ครั้ง / ทบทวน 1 ครั้ง/ปี","ไซต์สื่อสาร Jastel Safety","F-255 แบบตรวจความปลอดภัย, นโยบายความปลอดภัย",,"false",,,,"2026-06-03T04:01:14.971486+00:00","2026-06-03T04:01:14.971486+00:00"
"LA-003","LA","กระทรวงสาธารณสุข","ประกาศคณะกรรมการการแพทย์ฉุกเฉิน เรื่อง กำหนดให้การใช้เครื่องฟื้นคืนคลื่นหัวใจด้วยไฟฟ้าแบบอัตโนมัติเป็นการปฐมพยาบาล พ.ศ. 2558","กำหนดให้การใช้เครื่อง AED (Automated External Defibrillator) เป็นการปฐมพยาบาล","22 เมษายน 2558","22 เมษายน 2558","Safety, Corporate Affair","C","ทุกรอบการประเมินกฎหมาย",,,"Office จัสเทล ชั้น 7 มีเครื่อง AED บริเวณหน้าห้องผู้บริหาร","false",,,,"2026-06-03T04:01:14.971486+00:00","2026-06-03T04:01:14.971486+00:00"
"LA-004","LA","กระทรวงแรงงาน","ประกาศกรมสวัสดิการและคุ้มครองแรงงาน เรื่อง กำหนดแบบและวิธีการแจ้งการเกิดอุบัติภัยร้ายแรง หรือลูกจ้างประสบอันตรายจากการทำงาน ทางสื่ออิเล็กทรอนิกส์","การแจ้งการเกิดอุบัติภัยร้ายแรง หรือลูกจ้างประสบอันตรายจากการทำงาน นายจ้างอาจดำเนินการแจ้งหรือส่งโดยใช้แบบการแจ้งทางสื่ออิเล็กทรอนิกส์","2011-10-19","2011-10-19","Safety","C","เมื่อเกิดอุบัติเหตุร้ายแรง","สวัสดิการและคุ้มครองแรงงาน",,"เมื่อเกิดอุบัติภัยสามารถส่งรายงานได้ทั้งทางอิเล็กทรอนิกส์และส่งที่สำนักงาน","false",,,,"2026-06-03T04:01:14.971486+00:00","2026-06-03T04:01:14.971486+00:00"
"LA-005","LA","กระทรวงสาธารณสุข","กฎกระทรวง ควบคุมสถานประกอบกิจการที่เป็นอันตรายต่อสุขภาพ พ.ศ. 2560","อาคารต้องมีความมั่นคงแข็งแรง มีทางหนีไฟ บันไดหนีไฟ ทางออกฉุกเฉิน มีแสงสว่างเพียงพอ มีป้ายแสดงชัดเจน และมีมาตรการความปลอดภัยในการทำงาน","2017","2017","Premium Asset, SHE","C","ทุกรอบการประเมินกฎหมาย",,,,"false",,,,"2026-06-03T04:01:14.971486+00:00","2026-06-03T04:01:14.971486+00:00"
"LA-006","LA","กระทรวงแรงงาน","กฎกระทรวง กำหนดมาตรฐานเกี่ยวกับระบบการจัดการด้านความปลอดภัย พ.ศ. 2565","สถานประกอบกิจการที่มีลูกจ้าง 50 คนขึ้นไปต้องจัดให้มีระบบการจัดการความปลอดภัย ประกอบด้วย: 1.นโยบายความปลอดภัย 2.การจัดองค์กร 3.แผนงาน 4.การประเมินผล 5.การปรับปรุงพัฒนา","11 เมษายน 2565","11 มิถุนายน 2565","Safety, คปอ., ISO 45001","C","ทุกรอบการประเมินกฎหมาย",,,"บริษัทจัสเทล ดำเนินการขอรับรองระบบ ISO 45001","false",,,,"2026-06-03T04:01:14.971486+00:00","2026-06-03T04:01:14.971486+00:00"
"LA-007","LA","กระทรวงแรงงาน","กฎกระทรวง การจัดให้มีเจ้าหน้าที่ความปลอดภัยในการทำงาน บุคลากร หน่วยงาน หรือคณะบุคคลเพื่อดำเนินการด้านความปลอดภัย พ.ศ. 2565","ข้อ 8: จป.ระดับหัวหน้างานต้องเป็นลูกจ้างระดับหัวหน้างาน, ข้อ 25: สถานประกอบกิจการที่มีลูกจ้าง 50 คนขึ้นไปต้องมีคณะกรรมการความปลอดภัย (คปอ.), ข้อ 42: ต้องนำรายชื่อ จป.ไปขึ้นทะเบียนภายใน 30 วัน","17 มิถุนายน 2565","17 สิงหาคม 2565","Safety","C","Annual",,"คู่มือว่าด้วยความปลอดภัย, ประกาศแต่งตั้ง จป.ทุกระดับ",,"false",,,,"2026-06-03T04:01:14.971486+00:00","2026-06-03T04:01:14.971486+00:00"
"LA-009","LA","กระทรวงแรงงาน","ประกาศกรมสวัสดิการและคุ้มครองแรงงาน เรื่อง การแจ้งการขึ้นทะเบียน การพ้นจากตำแหน่งหรือพ้นจากหน้าที่ของเจ้าหน้าที่ความปลอดภัยในการทำงาน","กำหนดให้นายจ้างต้องนำรายชื่อ จป. ทุกระดับ แจ้งการขึ้นทะเบียนหรือพ้นจากตำแหน่งต่อกรมสวัสดิการและคุ้มครองแรงงานภายใน 30 วัน","10 ตุลาคม 2565","10 ตุลาคม 2565","SHE","C","ทุกรอบการประเมินกฎหมาย","กรมสวัสดิการและคุ้มครองแรงงาน","แบบคำขอการแจ้งขึ้นทะเบียน จป.",,"false",,,,"2026-06-03T04:01:14.971486+00:00","2026-06-03T04:01:14.971486+00:00"
"LA-010","LA","กระทรวงแรงงาน","ประกาศกรมสวัสดิการและคุ้มครองแรงงาน เรื่อง การฝึกอบรมหรือการพัฒนาความรู้ของเจ้าหน้าที่ความปลอดภัยในการทำงาน ระดับเทคนิค ระดับเทคนิคขั้นสูง และระดับวิชาชีพ","นายจ้างต้องจัดให้ จป. ระดับเทคนิค, เทคนิคขั้นสูง, วิชาชีพ ได้รับการฝึกอบรมหรือพัฒนาความรู้เพิ่มเติมปีละไม่น้อยกว่า 12 ชั่วโมง","26 ตุลาคม 2565","27 ตุลาคม 2565","SHE","C","ทุกรอบการประเมินกฎหมาย","กรมสวัสดิการและคุ้มครองแรงงาน","แบบแจ้งการฝึกอบรม",,"false",,,,"2026-06-03T04:01:14.971486+00:00","2026-06-03T04:01:14.971486+00:00"
"LA-019","LA",,"พระราชบัญญัติเงินทดแทน (ฉบับที่ 2) พ.ศ. 2561","มาตรา 18: เมื่อลูกจ้างประสบอันตราย เจ็บป่วย หรือสูญหาย ให้นายจ้างจ่ายค่าทดแทนเป็นรายเดือนให้แก่ลูกจ้างหรือผู้มีสิทธิ","2561","2561","Safety, OFP, HR","C","เมื่อเกิดอุบัติเหตุร้ายแรง","สวัสดิการและคุ้มครองแรงงาน",,,"false",,,,"2026-06-03T04:01:14.971486+00:00","2026-06-03T04:01:14.971486+00:00"
"LA-026","LA","กระทรวงสาธารณสุข","ประกาศกระทรวงสาธารณสุข เรื่อง การแจ้งและการรายงานในกรณีพบผู้ซึ่งเป็นหรือมีเหตุอันควรสงสัยว่าเป็นโรคจากการประกอบอาชีพหรือโรคจากสิ่งแวดล้อม พ.ศ. 2565","หากพบผู้ที่เป็นหรือมีเหตุสงสัยว่าเป็นโรคจากการประกอบอาชีพหรือโรคจากสิ่งแวดล้อม ต้องแจ้งภายใน 3 วัน","2565","2565","Safety และหน่วยงานต้นสังกัดพนักงาน","C","ทุกรอบการประเมินกฎหมาย","สวัสดิการและคุ้มครองแรงงาน","เฝ้าระวังผู้ปฏิบัติงาน, ผลตรวจสุขภาพพนักงาน",,"false",,,,"2026-06-03T04:01:14.971486+00:00","2026-06-03T04:01:14.971486+00:00"
"LA-030","LA","กระทรวงแรงงาน","ประกาศกรมสวัสดิการและคุ้มครองแรงงาน เรื่อง หลักเกณฑ์ วิธีการ และเงื่อนไขการฝึกอบรมผู้บริหาร หัวหน้างาน และลูกจ้างด้านความปลอดภัย อาชีวอนามัย และสภาพแวดล้อมในการทำงาน (ฉบับที่ 2)","หลักสูตรลูกจ้างทั่วไปและลูกจ้างเข้าทำงานใหม่ 6 ชั่วโมง, หลักสูตรลูกจ้างเปลี่ยนงาน/เปลี่ยนสถานที่ 3 ชั่วโมง","26 กันยายน 2566","27 กันยายน 2566","Safety, QA Training","C","ทุกรอบการประเมินกฎหมาย","เก็บผลการอบรมไว้ที่สถานประกอบการ","Slide อบรม",,"false",,,,"2026-06-03T04:01:14.971486+00:00","2026-06-03T04:01:14.971486+00:00"
"LA-031","LA","กระทรวงแรงงาน","กฎกระทรวงการอนุญาตเป็นผู้ชำนาญการด้านความปลอดภัย อาชีวอนามัย และสภาพแวดล้อมในการทำงาน พ.ศ. 2567","คุณสมบัติผู้ขอรับใบอนุญาตเป็นผู้ชำนาญการด้านความปลอดภัย: มีสัญชาติไทย อายุ ≥ 25 ปี มีประสบการณ์ ≥ 5 ปี มีวุฒิปริญญาตรีด้านอาชีวอนามัยหรือเทียบเท่า","14 พฤศจิกายน 2567","12 พฤษภาคม 2568","SHE","NC","ทุกรอบการประเมินกฎหมาย","สวัสดิการและคุ้มครองแรงงาน","เอกสารขึ้นทะเบียนผู้ชำนาญการ","ยังไม่มีประกาศหลักสูตรอบรม","false",,,,"2026-06-03T04:01:14.971486+00:00","2026-06-03T04:01:14.971486+00:00"
"LA-032","LA","กระทรวงแรงงาน","ประกาศกระทรวงแรงงาน เรื่อง การประเมินอันตราย การศึกษาผลกระทบของสภาพแวดล้อมในการทำงาน และการจัดทำแผนควบคุมดูแลลูกจ้างและสถานประกอบกิจการ","นายจ้างต้องดำเนินการประเมินอันตรายและทบทวนทุก 3 ปี ต้องจัดทำรายงานและส่งภายใน 60 วัน เก็บเอกสารไม่น้อยกว่า 3 ปี","22 พฤศจิกายน 2567","23 พฤษภาคม 2568","SHE","NC","ปีละ 1 ครั้ง","สวัสดิการและคุ้มครองแรงงาน","PD-68","รอประกาศหลักสูตรอบรมแล้วดำเนินการส่งขึ้นทะเบียนผู้ชำนาญการก่อน","false",,,,"2026-06-03T04:01:14.971486+00:00","2026-06-03T04:01:14.971486+00:00"
"LA-034","LA","กระทรวงอุตสาหกรรม","ประกาศกระทรวงอุตสาหกรรม เรื่อง กำหนดมาตรฐานผลิตภัณฑ์อุตสาหกรรม เครื่องดับเพลิงยกหิ้ว : คาร์บอนไดออกไซด์ พ.ศ. 2568","ยกเลิกมาตรฐานเดิมและกำหนดมาตรฐาน มอก.881-2567 ขึ้นใหม่ สมอ.อนุโลมให้ใช้ถังดับเพลิงเก่าได้จนกว่าจะหมดอายุ จากนั้นต้องเปลี่ยนเป็นมาตรฐานใหม่","21 มกราคม 2568","20 พฤษภาคม 2568","SHE","C","ทุกรอบการประเมินกฎหมาย","เก็บหลักฐานไว้ที่สถานประกอบการ",,"สมอ.อนุโลมให้ใช้ถังดับเพลิงเดิมได้จนกว่าจะหมดอายุ","false",,,,"2026-06-03T04:01:14.971486+00:00","2026-06-03T04:01:14.971486+00:00"
"LA-038","LA","กระทรวงทรัพยากรธรรมชาติและสิ่งแวดล้อม","ประกาศคณะกรรมการสิ่งแวดล้อมแห่งชาติ เรื่อง กำหนดมาตรฐานคุณภาพอากาศในบรรยากาศโดยทั่วไป พ.ศ. 2569","กำหนดค่ามาตรฐานสารมลพิษทางอากาศ เช่น PM2.5, PM10, SO₂, NO₂, CO, O₃ เพื่อควบคุมคุณภาพอากาศให้ปลอดภัยต่อสุขภาพ","21 มกราคม 2569","21 มกราคม 2569","Safety","C","ทุกรอบการประเมินกฎหมาย",,,"มีการตรวจวัดคุณภาพอากาศตามรอบ มีรายงานผลตรวจวัด","false",,,,"2026-06-03T04:01:14.971486+00:00","2026-06-03T04:01:14.971486+00:00"
"LB-001","LB","กระทรวงพลังงาน","พระราชบัญญัติควบคุมน้ำมันเชื้อเพลิง พ.ศ.2542","กำหนดการเก็บรักษา การขนส่ง การใช้ การจำหน่าย การแบ่งบรรจุน้ำมันเชื้อเพลิง และการควบคุมสถานที่เก็บรักษาน้ำมัน สถานีบริการ และคลังน้ำมัน","2 ธันวาคม 2542","2 ธันวาคม 2542","Safety","C","ทุกรอบการประเมินกฎหมาย",,,"จัสเทลเข้าข่ายที่ชั้น G และ P10: Gen เกิน 2,500 ลิตร, มีดีเซลรวมเกิน 454 ลิตรแต่ไม่เกิน 15,000 ลิตร ยื่นแจ้งแล้ว 24 ก.พ. 66","false",,,,"2026-06-03T04:01:14.971486+00:00","2026-06-03T04:01:14.971486+00:00"
"LB-005","LB","กระทรวงพลังงาน","กฎกระทรวงกำหนดหลักเกณฑ์ วิธีการและเงื่อนไขเกี่ยวกับการแจ้ง การอนุญาตและอัตราค่าธรรมเนียมเกี่ยวกับการประกอบกิจการน้ำมันเชื้อเพลิง พ.ศ.2556","กำหนดลักษณะสถานที่เก็บน้ำมัน ลักษณะที่สอง: สถานที่เก็บน้ำมันชนิดไวไฟน้อยที่มีปริมาณเกิน 454 ลิตร แต่ไม่เกิน 15,000 ลิตร ต้องแจ้ง (ธพ.ป.1)","27 มีนาคม 2556","27 กันยายน 2556","Safety","C","ทุกรอบการประเมินกฎหมาย",,"แบบ ธพ.ป.1","จัดส่งเอกสารแล้ว 2-3-66","false",,,,"2026-06-03T04:01:14.971486+00:00","2026-06-03T04:01:14.971486+00:00"
"LB-006","LB","กระทรวงแรงงาน","กฎกระทรวงกำหนดมาตรฐานในการบริหาร จัดการ และดำเนินการด้านความปลอดภัย อาชีวอนามัยและสภาพแวดล้อมในการทำงานเกี่ยวกับไฟฟ้า พ.ศ. 2558","ข้อ 3: ต้องมีข้อบังคับเกี่ยวกับการปฏิบัติงานด้านความปลอดภัยเกี่ยวกับไฟฟ้า, ข้อ 5: ต้องมีแผนผังวงจรไฟฟ้าที่รับรองโดยวิศวกร, ข้อ 12: ต้องตรวจสอบและบำรุงรักษาระบบไฟฟ้า","6 กุมภาพันธ์ 2558","6 กุมภาพันธ์ 2558","ทุกหน่วยงาน","C","Annual",,"WI การปฏิบัติงาน, แผนผังไฟฟ้า, แบบตรวจสอบความปลอดภัยประจำเดือน",,"false",,,,"2026-06-03T04:01:14.971486+00:00","2026-06-03T04:01:14.971486+00:00"
