"id","ref_key","ref_law_name","ref_clause","resolved_text","requirements","source_url","confidence","note","resolve_status","resolved_at","related_laws","explain"
"ded587de-2b20-46e0-998e-d2950a1cb9ee","กฎหมายว่าด้วยเขตพัฒนาพิเศษภาคตะวันออก (eec)|ทั้งฉบับ","พระราชบัญญัติเขตพัฒนาพิเศษภาคตะวันออก พ.ศ. 2561","ทั้งฉบับ","ค้นหาตัวบทจริงของ พ.ร.บ. เขตพัฒนาพิเศษภาคตะวันออก พ.ศ. 2561 จากเว็บสาธารณะ 4 รอบแล้วไม่พบหน้าที่แสดงเนื้อมาตราโดยตรง โดยเฉพาะในส่วนสิทธิประโยชน์ภาษีและเงื่อนไขการห้ามใช้ซ้ำซ้อน ผลการค้นพบเฉพาะเอกสารที่อ้างถึงกฎหมายนี้จากฉบับอื่น ซึ่งไม่สามารถนำมาใช้แทนได้","[]","","low","ไม่พบตัวบทกฎหมายฉบับเต็มจากผลการค้นหา แนะนำให้เปิดตัวบทโดยตรงจากราชกิจจานุเบกษา เล่ม 135 ตอนที่ 34 ก วันที่ 14 พฤษภาคม 2561 ที่ https://www.ratchakitcha.soc.go.th หรือเว็บไซต์สำนักงานคณะกรรมการนโยบายเขตพัฒนาพิเศษภาคตะวันออก (สกพอ.) ที่ https://www.eeco.or.th เพื่อดูมาตราที่เกี่ยวกับสิทธิประโยชน์ทางภาษี (คาดอยู่ในหมวด 3 มาตรา 35–44) และเงื่อนไขห้ามใช้สิทธิซ้ำซ้อนกับ BOI หรือสิทธิตามกฎหมายอื่น","not_found","2026-08-14T06:48:16.46+00:00","[]",
"a03562b1-18fa-4bb7-9163-648989310879","กฎหมายว่าด้วยการส่งเสริมการลงทุน (boi)|ทั้งฉบับ","พระราชบัญญัติส่งเสริมการลงทุน พ.ศ. 2520 (และที่แก้ไขเพิ่มเติม)","ทั้งฉบับ","กฎหมายว่าด้วยการส่งเสริมการลงทุน (BOI) ให้สิทธิยกเว้นภาษีเงินได้นิติบุคคลแก่กิจการที่ได้รับบัตรส่งเสริม บริษัทที่มีทั้งกิจการ BOI และ Non-BOI ต้องแยกคำนวณกำไร/ขาดทุนสุทธิแต่ละส่วนต่างหากจากกัน และห้ามนำค่าใช้จ่ายที่นำไปใช้สิทธิ BOI มาใช้สิทธิยกเว้นภาษีซ้ำตามพระราชกฤษฎีกาฉบับที่ 805 อีก","[{""penalty"":""ไม่พบตัวเลขโทษเฉพาะในผลค้นหา — หากพบภายหลังว่าใช้สิทธิซ้ำ สิทธิยกเว้นภาษีตาม รด. 805 จะสิ้นสุดลง และอาจต้องคืนภาษีพร้อมเบี้ยปรับและเงินเพิ่มตามประมวลรัษฎากร"",""evidence"":""รายการทรัพย์สินพร้อมหลักฐานว่าไม่อยู่ในโครงการ BOI ที่ได้รับยกเว้นภาษี เช่น ทะเบียนทรัพย์สินแยกส่วน, สำเนาบัตรส่งเสริมที่แสดงรายการทรัพย์สิน BOI"",""req_text"":""ค่าใช้จ่ายที่นำไปใช้สิทธิยกเว้นภาษีตามพระราชกฤษฎีกาฉบับที่ 805 (Solar Rooftop / อุปกรณ์อนุรักษ์พลังงาน) ต้องไม่ใช่ทรัพย์สินที่นำไปใช้ในกิจการที่ได้รับยกเว้นภาษีเงินได้นิติบุคคลตาม BOI ไม่ว่าทั้งหมดหรือบางส่วน — ถ้าทรัพย์สินนั้นอยู่ใน BOI อยู่แล้ว บริษัทไม่มีสิทธิขอยกเว้นภาษีซ้ำ"",""frequency"":""ทุกรอบบัญชีที่มีการขอใช้สิทธิ"",""section_ref"":""เงื่อนไขที่ปรากฏใน พระราชกฤษฎีกาฉบับที่ 604 (อ้างอิงเทียบเคียง)"",""source_excerpt"":""ไม่เป็นทรัพย์สินที่นำไปใช้ในกิจการที่ได้รับยกเว้นภาษีเงินได้นิติบุคคลตามกฎหมายว่าด้วยการส่งเสริมการลงทุน ไม่ว่าทั้งหมดหรือบางส่วน"",""action_required"":""ตรวจสอบและแยกให้ชัดว่าค่าใช้จ่าย Solar Rooftop หรืออุปกรณ์ประหยัดพลังงานที่จะขอสิทธิตาม รด. 805 ไม่ใช่ทรัพย์สินที่อยู่ในโครงการที่ได้รับยกเว้น BOI ก่อนยื่นใช้สิทธิ""},{""penalty"":""ไม่พบตัวเลขโทษเฉพาะในผลค้นหา"",""evidence"":""รายงานการคำนวณกำไร/ขาดทุนแยกส่วน BOI และ Non-BOI ในแบบ ภ.ง.ด.50 พร้อมเอกสารประกอบ"",""req_text"":""บริษัทที่ทำทั้งกิจการที่ได้รับยกเว้น BOI และกิจการที่ไม่ได้รับยกเว้น BOI ต้องคำนวณกำไรสุทธิและขาดทุนสุทธิของแต่ละกิจการแยกต่างหากจากกัน แล้วจึงนำมารวมกันเพื่อคำนวณภาษีเงินได้นิติบุคคล"",""frequency"":""ทุกรอบบัญชี"",""section_ref"":""หลักการคำนวณกำไร/ขาดทุน BOI vs Non-BOI (คำวินิจฉัยสรรพากร)"",""source_excerpt"":""ให้คำนวณกำไรสุทธิและขาดทุนสุทธิของแต่ละกิจการแยกต่างหากจากกัน แต่ในการคำนวณกำไรสุทธิเพื่อเสียภาษีเงินได้นิติบุคคลให้นำมารวมเข้าด้วยกัน"",""action_required"":""จัดทำบัญชีแยกรายได้และค่าใช้จ่ายระหว่างส่วน BOI กับส่วน Non-BOI ให้ชัดเจนและตรวจสอบได้ทุกรอบบัญชี""},{""penalty"":""ไม่พบตัวเลขโทษเฉพาะในผลค้นหา"",""evidence"":""ตารางเฉลี่ยสัดส่วนรายได้ BOI vs Non-BOI พร้อมรายการทรัพย์สินที่เกี่ยวข้อง"",""req_text"":""ถ้าทรัพย์สินชิ้นเดียวกันถูกใช้ทั้งในกิจการ BOI และกิจการ Non-BOI บริษัทต้องเฉลี่ยรายได้และค่าใช้จ่ายตามสัดส่วนรายได้ของแต่ละกิจการ — ห้ามนำค่าใช้จ่ายทั้งก้อนไปยื่นขอสิทธิใดสิทธิหนึ่งเพียงฝ่ายเดียว"",""frequency"":""ทุกรอบบัญชีที่มีทรัพย์สินใช้ร่วม"",""section_ref"":""เงื่อนไขทรัพย์สินที่ใช้ร่วมกัน BOI / Non-BOI"",""source_excerpt"":""กรณีผู้ได้รับการส่งเสริมประกอบกิจการที่ไม่ได้รับยกเว้นภาษีเงินได้นิติบุคคลด้วย ให้เฉลี่ยรายได้ตามส่วนของรายได้จากกิจการที่ได้รับยกเว้นและที่ไม่ได้รับยกเว้น"",""action_required"":""คำนวณและจัดทำเอกสารการเฉลี่ยสัดส่วนรายได้/ค่าใช้จ่ายของทรัพย์สินที่ใช้ร่วมกัน ก่อนยื่นขอสิทธิทั้ง BOI และ รด. 805""}]","https://www.rd.go.th/fileadmin/user_upload/kormor/newlaw/dc604.pdf","low","พบตัวบทบางส่วนจากข้อมูลรองและการอ้างอิงใน พระราชกฤษฎีกาฉบับที่ 604 กับแถลงข่าวสรรพากร 3/2569 เท่านั้น ยังไม่พบตัวบทเต็มของ พรบ.ส่งเสริมการลงทุน พ.ศ. 2520 มาตราที่เกี่ยวข้องโดยตรงจากเว็บราชกิจจาฯ หรือเว็บ BOI โดยตรง และยังไม่พบข้อความมาตราเฉพาะของ พระราชกฤษฎีกาฉบับที่ 805 ที่ระบุเงื่อนไขห้ามซ้ำ BOI อย่างละเอียด ควรเปิดตัวบทฉบับเต็มจากราชกิจจานุเบกษาเพิ่มเติม","resolved","2026-08-14T06:48:46.602+00:00","[{""clause"":""ทั้งฉบับ"",""law_name"":""พระราชกฤษฎีกาออกตามความในประมวลรัษฎากร ว่าด้วยการยกเว้นรัษฎากร (ฉบับที่ 805) พ.ศ. 2569"",""why_needed"":""เป็นฉบับหลักที่อ้างถึง BOI — ต้องอ่านมาตราเต็มเพื่อดูว่าเงื่อนไขห้ามใช้สิทธิซ้ำกับ BOI ระบุไว้ในมาตราใด และมีข้อยกเว้นกรณีใดบ้าง (เช่น กรณีเลือกไม่ใช้สิทธิ BOI)"",""needs_lookup"":true},{""clause"":""มาตรา 31"",""law_name"":""พระราชบัญญัติส่งเสริมการลงทุน พ.ศ. 2520 มาตรา 31"",""why_needed"":""มาตรา 31 เป็นมาตราหลักว่าด้วยการยกเว้นภาษีเงินได้นิติบุคคลตาม BOI — ต้องรู้ขอบเขตและระยะเวลาที่ได้รับยกเว้น เพื่อตรวจสอบว่าทรัพย์สินที่จะขอสิทธิ รด. 805 ยังอยู่ในช่วงเวลายกเว้น BOI หรือไม่"",""needs_lookup"":true},{""clause"":""null"",""law_name"":""ประกาศอธิบดีกรมสรรพากร เกี่ยวกับภาษีเงินได้ ที่ออกตาม พระราชกฤษฎีกาฉบับที่ 805"",""why_needed"":""พระราชกฤษฎีกาประเภทนี้มักมีประกาศอธิบดีกำหนดหลักเกณฑ์และเงื่อนไขเพิ่มเติม รวมถึงวิธีพิสูจน์ว่าไม่ได้ใช้สิทธิ BOI ซ้ำ — ยังไม่พบฉบับที่ออกมาแล้วในผลค้นหา"",""needs_lookup"":true}]",
"bd986d09-ab54-4162-87fb-dbdc6989556c","กฎหมายว่าด้วยการเพิ่มขีดความสามารถในการแข่งขันของประเทศสำหรับอุตสาหกรรมเป้าหมาย|ทั้งฉบับ","พระราชบัญญัติการเพิ่มขีดความสามารถในการแข่งขันของประเทศสำหรับอุตสาหกรรมเป้าหมาย พ.ศ. 2560","ทั้งฉบับ","กฎหมายนี้จัดตั้งกองทุนเพิ่มขีดความสามารถในการแข่งขันของประเทศสำหรับอุตสาหกรรมเป้าหมาย และกำหนดสิทธิประโยชน์แก่บริษัทที่ประกอบกิจการในอุตสาหกรรมเป้าหมาย รวมถึงเงินสนับสนุนจากกองทุนที่ได้รับยกเว้นภาษีเงินได้ บริษัทที่รับเงินสนับสนุนหรือใช้สิทธิยกเว้นภาษีตามกฎหมายนี้แล้ว จะ ""ห้าม"" นำค่าใช้จ่ายเดียวกันไปใช้ยกเว้นภาษีซ้ำตาม พรก. ฉบับที่ 805 พ.ศ. 2569 (Solar Rooftop / อนุรักษ์พลังงาน) อีก","[{""penalty"":""ยังไม่พบตัวเลขโทษใน พ.ร.บ. นี้จากผลค้น — หากใช้สิทธิซ้ำซ้อน อาจถูกเพิกถอนสิทธิและต้องชำระภาษีที่ยกเว้นไว้พร้อมเบี้ยปรับเงินเพิ่มตามประมวลรัษฎากร"",""evidence"":""บันทึกภายในแสดงการตรวจสอบว่าค่าใช้จ่ายแต่ละรายการไม่ได้ใช้สิทธิซ้ำ, สำเนาหลักฐานการรับเงินสนับสนุนหรือสิทธิประโยชน์ที่ได้รับจากกองทุนฯ (ถ้ามี)"",""req_text"":""บริษัทที่ได้รับสิทธิยกเว้นภาษีหรือลดหย่อนภาษีตาม พ.ร.บ. เพิ่มขีดความสามารถฯ พ.ศ. 2560 แล้ว (ไม่ว่าทั้งหมดหรือบางส่วน) ห้ามนำค่าใช้จ่ายหรือรายการเดียวกันนั้นไปขอยกเว้นภาษีซ้ำตาม พรก. ฉบับที่ 805 พ.ศ. 2569 (มาตรการ Solar Rooftop และอนุรักษ์พลังงาน) อีก"",""frequency"":""ทุกครั้งที่บริษัทยื่นขอใช้สิทธิยกเว้นภาษีตาม พรก. ฉบับที่ 805"",""section_ref"":""บทห้ามซ้ำซ้อน (อ้างอิงจากรูปแบบที่ปรากฏใน พรก. ยกเว้นรัษฎากร หลายฉบับ)"",""source_excerpt"":""กฎหมายว่าด้วยการส่งเสริมการลงทุน กฎหมายว่าด้วยการเพิ่มขีดความสามารถในการแข่งขันของประเทศสำหรับอุตสาหกรรมเป้าหมาย หรือกฎหมายว่าด้วยเขตพัฒนาพิเศษภาคตะวันออก ไม่ว่าทั้งหมดหรือบางส่วน"",""action_required"":""ก่อนยื่นขอสิทธิยกเว้นภาษีตาม พรก. ฉบับที่ 805 บริษัทต้องตรวจสอบว่าค่าใช้จ่ายหรือทรัพย์สินที่จะนำมาขอสิทธิ์นั้น ยังไม่เคยได้รับสิทธิยกเว้น/ลดหย่อนภาษีใดๆ จากกองทุนเพิ่มขีดความสามารถฯ หรือตาม พ.ร.บ. นี้มาก่อน""},{""penalty"":""ยังไม่พบตัวเลขโทษเฉพาะจากผลค้น"",""evidence"":""ใบแนบแบบ ภ.ง.ด.50 ที่กรอกรายการยกเว้นภาษี, หนังสือแจ้งการได้รับเงินสนับสนุนจากกองทุนฯ"",""req_text"":""บริษัทที่ได้รับเงินสนับสนุนจากกองทุนเพิ่มขีดความสามารถในการแข่งขันของประเทศสำหรับอุตสาหกรรมเป้าหมาย ซึ่งจัดตั้งขึ้นตาม พ.ร.บ. นี้ ต้องแจ้งจำนวนเงินดังกล่าวในใบแนบรายได้ที่ได้รับการยกเว้นภาษีในแบบ ภ.ง.ด.50 ประจำปีที่ได้รับเงิน (เพื่อให้สรรพากรทราบว่าไม่ต้องนำมารวมคำนวณกำไรสุทธิ)"",""frequency"":""ทุกปีที่ได้รับเงินสนับสนุนจากกองทุนฯ"",""section_ref"":""บทยกเว้นภาษีเงินสนับสนุนจากกองทุน (อ้างอิงจาก พรก. ฉบับที่ 652 และแบบแนบ CIT50)"",""source_excerpt"":""สนับสนุนจากกองทุนเพิ่มขีดความสามารถในการแข่งขันของประเทศสำหรับอุตสาหกรรมเป้าหมาย ซึ่งจัดตั้งขึ้นตามพระราชบัญญัติการเพิ่มขีดความสามารถในการแข่งขันของประเทศสำหรับอุตสาหกรรมเป้าหมาย พ.ศ. 2560"",""action_required"":""กรอกจำนวนเงินสนับสนุนที่ได้รับจากกองทุนฯ ลงในใบแนบรายได้ที่ได้รับการยกเว้นภาษี แนบพร้อมแบบ ภ.ง.ด.50 ทุกปีที่มีการรับเงิน""}]","https://www.ratchakitcha.soc.go.th/DATA/PDF/2560/A/121/21.PDF","low","ค้นพบเฉพาะเนื้อหาที่ พรก. ฉบับอื่น (เช่น ฉบับที่ 695, 712, 718, 766) อ้างถึง พ.ร.บ. นี้ในบทห้ามซ้ำซ้อน ไม่พบตัวบทฉบับเต็มของ พ.ร.บ. เพิ่มขีดความสามารถฯ พ.ศ. 2560 โดยตรงจากผลค้น และไม่พบตัวบทของ พรก. ฉบับที่ 805 พ.ศ. 2569 โดยตรง จึงไม่สามารถยืนยันมาตราที่แน่ชัดหรือเงื่อนไขครบถ้วนได้ ควรเปิดตัวบทจาก ratchakitcha.soc.go.th โดยตรง","resolved","2026-08-14T06:48:51.925+00:00","[{""clause"":""null"",""law_name"":""พระราชกฤษฎีกาออกตามความในประมวลรัษฎากร ว่าด้วยการยกเว้นรัษฎากร (ฉบับที่ 805) พ.ศ. 2569"",""why_needed"":""เป็นกฎหมายฉบับหลักที่อ้างถึง พ.ร.บ. นี้ในบทห้ามซ้ำซ้อน ต้องอ่านควบคู่เพื่อทราบว่าค่าใช้จ่ายประเภทใด (Solar Rooftop / เครื่องจักรประหยัดพลังงาน) ที่ห้ามใช้สิทธิซ้ำกับ พ.ร.บ. นี้"",""needs_lookup"":true},{""clause"":""null"",""law_name"":""พระราชบัญญัติส่งเสริมการลงทุน พ.ศ. 2520 (BOI)"",""why_needed"":""บทห้ามซ้ำซ้อนใน พรก. ฉบับที่ 805 มักกล่าวถึง พ.ร.บ. นี้คู่กับกฎหมาย BOI ต้องตรวจสอบว่าบริษัทได้รับสิทธิ BOI ในส่วนเดียวกันหรือไม่"",""needs_lookup"":false},{""clause"":""null"",""law_name"":""พระราชบัญญัติเขตพัฒนาพิเศษภาคตะวันออก พ.ศ. 2561 (EEC)"",""why_needed"":""บทห้ามซ้ำซ้อนใน พรก. ฉบับที่ 805 มักกล่าวถึงกฎหมาย EEC คู่กัน บริษัทที่อยู่ใน EEC ต้องตรวจสอบด้วย"",""needs_lookup"":false}]",
"f520321f-8fb7-4239-b00a-41bad11a0f2e","ประมวลรัษฎากร|มาตรา40(4)(ข)(3)และ(8),มาตรา3โสฬส,มาตรา42/4,มาตรา175","ประมวลรัษฎากร — มาตรา ๔๐ (๔) (ข) (๓) และ (๘), มาตรา ๓ โสฬส, มาตรา ๔๒/๔, มาตรา ๑๗๕","มาตรา ๔๐ (๔) (ข) (๓) และ (๘), มาตรา ๓ โสฬส, มาตรา ๔๒/๔, มาตรา ๑๗๕","มาตรา 40 (4) กำหนดประเภทเงินได้ที่เกิดจากดอกเบี้ย ผลต่างราคาตราสาร และเงินปันผล ส่วน (8) ครอบคลุมเงินได้จากธุรกิจทุกประเภท มาตรา 3 โสฬส อนุญาตให้จัดทำใบกำกับภาษีและเอกสารทางภาษีในรูปแบบอิเล็กทรอนิกส์ได้ตามกฎกระทรวง ฉบับที่ 384 (พ.ศ. 2565) มาตรา 42/4 และ 175 ไม่พบตัวบทจากการค้นหา","[{""penalty"":"""",""evidence"":""หลักฐานการจ่ายเงิน เอกสารการคำนวณภาษีหัก ณ ที่จ่าย และใบนำส่งภาษี (ภ.ง.ด. 1 หรือ ภ.ง.ด. 3 แล้วแต่กรณี)"",""req_text"":""บริษัทที่จ่ายเงินได้ประเภทที่ 4 ซึ่งได้แก่ ผลประโยชน์ที่ได้จากการที่บริษัทซื้อหุ้นคืนหรือผลต่างระหว่างราคาไถ่ถอนกับราคาจำหน่ายของตราสารหนี้หรือพันธบัตร ต้องระบุให้ถูกต้องว่าเงินได้ที่จ่ายออกไปเข้าข่ายมาตรา 40 (4) เพื่อใช้ในการคำนวณหักภาษี ณ ที่จ่ายในอัตราที่กฎหมายกำหนด"",""frequency"":""ทุกครั้งที่มีการจ่ายเงินได้"",""section_ref"":""มาตรา 40 (4) (ข) (3)"",""source_excerpt"":""มาตรา 40 เงินได้พึงประเมินนั้นคือ เงินได้ประเภทดังต่อไปนี้...(4) เงินได้ที่เกิดขึ้นเนื่องจาก ดอกเบี้ย ดอกเบี้ยพันธบัตร ดอกเบี้ยเงิน..."",""action_required"":""จำแนกประเภทเงินได้ที่จ่ายว่าเข้าข่ายมาตรา 40 (4) (ข) (3) หรือไม่ แล้วหักภาษี ณ ที่จ่ายในอัตราที่กำหนด""},{""penalty"":"""",""evidence"":""แบบภาษีเงินได้ (ภ.ง.ด. 90 หรือ ภ.ง.ด. 94 สำหรับบุคคลธรรมดา, ภ.ง.ด. 50 สำหรับนิติบุคคล) หลักฐานการหักภาษี ณ ที่จ่าย"",""req_text"":""บริษัทที่มีรายได้จากการประกอบธุรกิจการพาณิชย์ การเกษตร การอุตสาหกรรม การขนส่ง หรือกิจการอื่น ๆ ที่ไม่เข้าข่ายมาตรา 40 (1)–(7) ต้องรวมรายได้นั้นเป็นเงินได้พึงประเมินประเภทที่ 8 และยื่นภาษีตามแบบที่กำหนด รวมถึงต้องหักภาษี ณ ที่จ่ายหากบริษัทเป็นผู้จ่ายเงินให้ผู้อื่น"",""frequency"":""ทุกรอบปีภาษีหรือทุกครั้งที่มีการจ่ายเงินได้"",""section_ref"":""มาตรา 40 (8)"",""source_excerpt"":""มาตรา 40 (8) เงินได้พึงประเมินประเภทที่ 8 เงินได้ที่เกิดขึ้นที่ไม่ใช่ 40(1)–40(7) เป็นเงินได้จากธุรกิจการพาณิชย์, การเกษตร, การอุตสาหกรรม, การขนส่ง ฯลฯ"",""action_required"":""จำแนกรายได้ว่าเป็นเงินได้มาตรา 40 (8) แล้วนำมารวมคำนวณภาษีและ/หรือหักภาษี ณ ที่จ่ายตามอัตราที่กำหนด""},{""penalty"":"""",""evidence"":""ไฟล์ข้อมูลอิเล็กทรอนิกส์ใบกำกับภาษีที่มี Electronic Signature / Time Stamp ครบถ้วน พร้อมระบบเก็บรักษาตามที่กำหนด"",""req_text"":""บริษัทที่เป็นผู้ประกอบการจดทะเบียน VAT และประสงค์จะออกใบกำกับภาษีในรูปแบบอิเล็กทรอนิกส์ ต้องปฏิบัติตามกฎกระทรวง ฉบับที่ 384 (พ.ศ. 2565) โดยจัดทำข้อมูลตามรูปแบบที่กรมสรรพากรกำหนด และต้องลงลายมือชื่ออิเล็กทรอนิกส์ (Electronic Signature) หรือใช้การประทับรับรองเวลา (Time Stamp) จากหน่วยงานที่อธิบดีอนุมัติ แนบกับข้อมูลใบกำกับภาษีทุกฉบับก่อนส่งให้ลูกค้า"",""frequency"":""ทุกครั้งที่มีการออกใบกำกับภาษีและใบรับ"",""section_ref"":""มาตรา 3 โสฬส"",""source_excerpt"":""มาตรา 3 โสฬส บรรดา...ใบกำกับภาษี รายงาน เอกสารหลักฐานหรือหนังสืออื่นใด ที่ต้องมี จัดทำ หรือใช้ ตามที่บัญญัติในประมวลรัษฎากร...อาจกระทำด้วยกระบวนการทางอิเล็กทรอนิกส์ก็ได้"",""action_required"":""ยื่นคำขอต่ออธิบดีกรมสรรพากรก่อน จากนั้นจัดทำใบกำกับภาษีอิเล็กทรอนิกส์ในรูปแบบ/ขนาด/ประเภทข้อมูลที่กรมสรรพากรประกาศบนเว็บไซต์ พร้อม Electronic Signature หรือ Time Stamp และส่งมอบให้ผู้ซื้อ/ผู้รับบริการ""}]","https://www.rd.go.th/5937.html และ https://www.rd.go.th/5951.html","low","พบตัวบทมาตรา 40(4) และ (8) รวมถึงมาตรา 3 โสฬส จากเว็บไซต์กรมสรรพากรอย่างเป็นทางการ แต่ไม่พบตัวบทมาตรา 42/4 และมาตรา 175 ในผลการค้นหา (มาตรา 175 ที่ปรากฏในผลการค้นเป็นประกาศอธิบดีฯ เกี่ยวกับ VAT ไม่ใช่มาตรา 175 แห่งประมวลรัษฎากร) — ข้อมูลมาตรา 42/4 และ 175 ยังไม่ได้รับการยืนยัน ต้องค้นเพิ่มเติมจากราชกิจจานุเบกษาโดยตรง · ตัด 2 ข้อที่ไม่มีข้อความจากตัวบทรองรับ","resolved","2026-08-14T06:49:03.16+00:00","[{""clause"":""null"",""law_name"":""กฎกระทรวง ฉบับที่ 384 (พ.ศ. 2565) ออกตามความในประมวลรัษฎากร ว่าด้วยการดำเนินการเกี่ยวกับเอกสารหลักฐานหรือหนังสือด้วยกระบวนการทางอิเล็กทรอนิกส์"",""why_needed"":""มาตรา 3 โสฬส ให้ปฏิบัติตามหลักเกณฑ์ในกฎกระทรวงฉบับนี้ จึงต้องรู้เนื้อหาเพื่อทราบขั้นตอนการจัดทำ ส่ง และเก็บรักษาใบกำกับภาษีอิเล็กทรอนิกส์อย่างครบถ้วน"",""needs_lookup"":true},{""clause"":""null"",""law_name"":""ประกาศกรมสรรพากร เรื่อง การจัดทำ ส่ง หรือเก็บรักษา ใบกำกับภาษี หรือใบรับ โดยใช้ใบรับรองอิเล็กทรอนิกส์ในการลงลายมือชื่อ"",""why_needed"":""เป็นประกาศลูกที่ออกตามมาตรา 3 โสฬส กำหนดรายละเอียดการใช้ Electronic Signature ซึ่งบริษัทต้องปฏิบัติตามเพื่อออกใบกำกับภาษีอิเล็กทรอนิกส์ได้ถูกต้อง"",""needs_lookup"":true},{""clause"":""null"",""law_name"":""ประกาศอธิบดีกรมสรรพากร (ฉบับที่ 15) เรื่อง กำหนดหลักเกณฑ์ วิธีการ และเงื่อนไขในการจัดทำ ส่งมอบ และเก็บรักษา ใบกำกับภาษีอิเล็กทรอนิกส์ และใบรับอิเล็กทรอนิกส์"",""why_needed"":""เป็นประกาศฉบับก่อนหน้าที่สิ้นผลแล้ว แต่ประกาศฉบับปัจจุบันที่ออกตามกฎกระทรวง ฉบับที่ 384 ยังคงใช้โครงสร้างเดิม ต้องอ่านเพื่อทราบว่าฉบับปัจจุบันกำหนดเงื่อนไขอะไรเพิ่มเติม"",""needs_lookup"":true},{""clause"":""null"",""law_name"":""คำสั่งกรมสรรพากร ที่ ท.ป.4/2528 (ฉบับแก้ไขปัจจุบัน) เรื่อง สั่งให้ผู้จ่ายเงินได้พึงประเมินตามมาตรา 40 มีหน้าที่หักภาษีเงินได้ ณ ที่จ่าย"",""why_needed"":""กำหนดอัตราหักภาษี ณ ที่จ่ายที่ใช้กับเงินได้มาตรา 40 (4) และ (8) ซึ่งต้องรู้ตัวเลขจริงเพื่อปฏิบัติได้ถูกต้อง"",""needs_lookup"":true}]",
"1de779fc-d7b2-4a93-822e-241371393740","ประมวลรัษฎากร มาตรา 3 โสหส|มาตรา3โสหส","ประมวลรัษฎากร มาตรา ๓ โสฬส (แก้ไขเพิ่มเติมโดยพระราชบัญญัติแก้ไขเพิ่มเติมประมวลรัษฎากร ฉบับที่ ๕๓ พ.ศ. ๒๕๖๔)","มาตรา ๓ โสหส","มาตรา ๓ โสฬส เปิดช่องให้เอกสารภาษีทุกประเภทที่ต้องจัดทำตามประมวลรัษฎากร เช่น ใบกำกับภาษี รายงาน แบบแสดงรายการ จัดทำ ส่ง และเก็บรักษาในรูปแบบอิเล็กทรอนิกส์ได้ โดยต้องเป็นไปตามหลักเกณฑ์ที่กำหนดในกฎกระทรวง ปัจจุบันคือกฎกระทรวง ฉบับที่ ๓๘๔ (พ.ศ. ๒๕๖๕) ซึ่งกำหนดหลักเกณฑ์การจัดทำ ส่ง รับ และเก็บรักษาเอกสารอิเล็กทรอนิกส์ให้สอดคล้องกับกฎหมายว่าด้วยธุรกรรมทางอิเล็กทรอนิกส์","[{""penalty"":"""",""evidence"":""ใบกำกับภาษีอิเล็กทรอนิกส์ที่มีลายมือชื่ออิเล็กทรอนิกส์ (Electronic Signature) ถูกต้องตามกฎกระทรวง ฉบับที่ ๓๘๔"",""req_text"":""ถ้าบริษัทเลือกจัดทำใบกำกับภาษีในรูปแบบอิเล็กทรอนิกส์ ต้องทำตามหลักเกณฑ์และวิธีการที่กำหนดในกฎกระทรวง ฉบับที่ ๓๘๔ (พ.ศ. ๒๕๖๕) เท่านั้น — ห้ามใช้วิธีการที่ตัวเองกำหนดขึ้นเอง"",""frequency"":""ทุกครั้งที่จัดทำหรือรับใบกำกับภาษีอิเล็กทรอนิกส์"",""section_ref"":""มาตรา ๓ โสฬส วรรคหนึ่ง"",""source_excerpt"":""บรรดา...ใบกำกับภาษี รายงาน เอกสารหลักฐานหรือหนังสืออื่นใด ที่ต้องมี จัดทำ หรือใช้ ตามที่บัญญัติในประมวลรัษฎากร...อาจกระทำด้วยกระบวนการทางอิเล็กทรอนิกส์ก็ได้ ทั้งนี้ ให้เป็นไปตามหลักเกณฑ์และวิธีการที่กำหนดในกฎกระทรวง"",""action_required"":""ตรวจสอบว่าระบบออกใบกำกับภาษีอิเล็กทรอนิกส์ที่ใช้อยู่ หรือที่รับมาจากคู่ค้า เป็นไปตามกฎกระทรวง ฉบับที่ ๓๘๔ (พ.ศ. ๒๕๖๕)""},{""penalty"":"""",""evidence"":""บันทึก log การส่ง-รับ และระบบเก็บรักษาข้อมูลอิเล็กทรอนิกส์ที่เข้าถึงได้และความหมายไม่เปลี่ยนแปลง"",""req_text"":""ใบกำกับภาษีอิเล็กทรอนิกส์ที่บริษัทจัดทำหรือรับมาต้องครอบคลุมกระบวนการครบ 4 ขั้น คือ การจัดทำ การส่ง การรับ และการเก็บรักษา ให้สอดคล้องกับกฎหมายว่าด้วยธุรกรรมทางอิเล็กทรอนิกส์ทุกขั้นตอน"",""frequency"":""ต่อเนื่องตลอดการใช้งาน"",""section_ref"":""มาตรา ๓ โสฬส วรรคสอง"",""source_excerpt"":""กฎกระทรวงตามวรรคหนึ่งให้กำหนดหลักเกณฑ์และวิธีการเกี่ยวกับการจัดทำ การส่ง การรับ ตลอดจนการเก็บรักษาที่เกี่ยวข้องไว้ด้วย ซึ่งต้องสอดคล้องกับหลักเกณฑ์ตามกฎหมายว่าด้วยธุรกรรมทางอิเล็กทรอนิกส์"",""action_required"":""วางระบบให้ครอบคลุมตั้งแต่การจัดทำ การส่ง การรับ ไปจนถึงการเก็บรักษาใบกำกับภาษีอิเล็กทรอนิกส์ตลอดวงจร""}]","https://www.rd.go.th/5951.html","high","มาตรา ๓ โสฬส เป็นบทอนุญาต (enabling provision) ไม่ใช่บทบังคับ — กำหนดว่า 'อาจ' จัดทำด้วยกระบวนการทางอิเล็กทรอนิกส์ได้ หน้าที่ปฏิบัติจริงของบริษัทอยู่ในกฎกระทรวง ฉบับที่ ๓๘๔ (พ.ศ. ๒๕๖๕) และประกาศอธิบดีที่ออกตามมา โดยประกาศอธิบดีฉบับที่ ๑๕ ที่เคยกำหนดเงื่อนไขเดิมได้สิ้นผลใช้บังคับแล้ว พ.ร.ฎ. ๘๐๕ พ.ศ. ๒๕๖๙ เกี่ยวกับมาตรการภาษี Solar Rooftop และการอนุรักษ์พลังงาน ไม่ใช่เรื่องใบกำกับภาษีอิเล็กทรอนิกส์โดยตรง — มาตรา ๓ โสฬส ถูกอ้างในบริบทว่าใบกำกับภาษีอิเล็กทรอนิกส์ที่ใช้เป็นหลักฐานประกอบสิทธิยกเว้นภาษีต้องจัดทำตามหลักเกณฑ์ของมาตรานี้","resolved","2026-08-15T10:39:13.827+00:00","[{""clause"":""ทั้งฉบับ (โดยเฉพาะข้อ ๑๓ และข้อ ๑๖)"",""law_name"":""กฎกระทรวง ฉบับที่ ๓๘๔ (พ.ศ. ๒๕๖๕) ออกตามความในประมวลรัษฎากร ว่าด้วยการดำเนินการเกี่ยวกับเอกสารหลักฐานหรือหนังสือด้วยกระบวนการทางอิเล็กทรอนิกส์"",""why_needed"":""เป็นกฎหมายลูกที่กำหนดรายละเอียดจริงของการจัดทำ ส่ง และเก็บรักษาใบกำกับภาษีอิเล็กทรอนิกส์ รวมถึงรูปแบบข้อมูล ลายมือชื่ออิเล็กทรอนิกส์ และการแจ้งข้อมูลต่อกรมสรรพากร — ต้องอ่านคู่กับมาตรา ๓ โสฬส จึงจะรู้ว่าต้องทำอะไรบ้างจริงๆ"",""needs_lookup"":true},{""clause"":""null"",""law_name"":""ประกาศกรมสรรพากร เรื่อง การจัดทำ ส่ง หรือเก็บรักษา ใบกำกับภาษี โดยใช้ใบรับรองอิเล็กทรอนิกส์ในการลงลายมือชื่อ"",""why_needed"":""กำหนดรายละเอียดเพิ่มเติมของวิธีการลงลายมือชื่ออิเล็กทรอนิกส์ด้วย Digital Signature และ Electronic Certificate ที่ต้องใช้ประกอบใบกำกับภาษีอิเล็กทรอนิกส์ให้ถูกต้อง"",""needs_lookup"":true},{""clause"":""null"",""law_name"":""ประกาศกรมสรรพากร เรื่อง การจัดทำ ส่ง หรือเก็บรักษา ใบกำกับภาษี โดยการประทับรับรองเวลา (Time Stamp)"",""why_needed"":""กำหนดวิธีการอีกช่องทางหนึ่งในการจัดทำใบกำกับภาษีอิเล็กทรอนิกส์ผ่านการประทับรับรองเวลา ซึ่งบริษัทที่ไม่ได้ใช้ Digital Signature อาจเลือกใช้วิธีนี้แทน"",""needs_lookup"":true}]",
"e3c93111-cb6a-4a6b-95a9-ee14b3227612","ประมวลรัษฎากร มาตรา 40 (5) (6) (7) (8)|มาตรา40(5)(6)(7)(8)","ประมวลรัษฎากร มาตรา 40 (5) (6) (7) (8) — บทนิยามประเภทเงินได้พึงประเมิน","มาตรา ๔๐ (๕) (๖) (๗) (๘)","มาตรา 40 กำหนดว่าเงินได้พึงประเมินมี 8 ประเภท โดย (5) คือรายได้จากการให้เช่าทรัพย์สิน / ผิดสัญญาเช่าซื้อ / ผิดสัญญาซื้อขายเงินผ่อน (6) คือรายได้จากวิชาชีพอิสระ ได้แก่ กฎหมาย แพทย์ วิศวกร สถาปนิก บัญชี ประณีตศิลปกรรม (7) คือรายได้จากรับเหมาที่ผู้รับเหมาต้องจัดหาสัมภาระส่วนสำคัญ (8) คือรายได้จากธุรกิจ พาณิชย์ เกษตร อุตสาหกรรม ขนส่ง หรืออื่นใดที่ไม่ใช่ (1)–(7) มาตรานี้เป็นบทนิยามเพื่อใช้จำแนกประเภทเงินได้ ไม่ใช่บทสั่งการให้บริษัทลงมือทำ","[{""penalty"":"""",""evidence"":""เอกสารสัญญาเช่า / สัญญาเช่าซื้อ / สัญญาซื้อขายเงินผ่อน ที่แสดงลักษณะเงินได้"",""req_text"":""เงินได้ที่บริษัทได้รับจากการให้เช่าทรัพย์สิน (บ้าน สิ่งปลูกสร้าง ตึกแถว ที่ดิน ยานพาหนะ หรือทรัพย์สินอื่น), จากการที่คู่สัญญาผิดสัญญาเช่าซื้อ หรือจากการผิดสัญญาซื้อขายเงินผ่อนที่บริษัทได้รับทรัพย์สินคืนโดยไม่ต้องคืนเงินหรือประโยชน์ที่ได้รับไว้แล้ว — ล้วนจัดเป็นเงินได้ประเภท 5 ซึ่งต้องนำไปตรวจสอบกับเงื่อนไขยกเว้นภาษีใน พรฎ. ฉบับที่ 805"",""frequency"":""ทุกครั้งที่มีการรับหรือจ่ายเงินได้ประเภทนี้"",""section_ref"":""มาตรา 40 (5)"",""source_excerpt"":""เงินได้พึงประเมินตามมาตรา 40 (5) ได้แก่ เงิน หรือประโยชน์อย่างอื่น ที่ได้เนื่องจาก (ก) การให้เช่าทรัพย์สิน (ข) การผิดสัญญาเช่าซื้อทรัพย์สิน (ค) การผิดสัญญาซื้อขายเงินผ่อน"",""action_required"":""จำแนกว่าเงินได้ที่บริษัทรับหรือจ่ายนั้นเป็นเงินได้ประเภท 5 หรือไม่ เพื่อนำไปใช้สิทธิยกเว้นภาษีตาม พรฎ. ฉบับที่ 805 ได้ถูกต้อง""},{""penalty"":"""",""evidence"":""สัญญาจ้างวิชาชีพอิสระ / ใบแจ้งหนี้ค่าบริการวิชาชีพ"",""req_text"":""เงินได้ที่บริษัทได้รับจากการประกอบวิชาชีพอิสระ ได้แก่ กฎหมาย การประกอบโรคศิลปะ วิศวกรรม สถาปัตยกรรม การบัญชี ประณีตศิลปกรรม หรือวิชาชีพอิสระอื่นที่มีพระราชกฤษฎีกากำหนดชนิดไว้ — จัดเป็นเงินได้ประเภท 6 ซึ่งต้องนำไปตรวจสอบกับเงื่อนไขยกเว้นภาษีใน พรฎ. ฉบับที่ 805"",""frequency"":""ทุกครั้งที่มีการรับหรือจ่ายเงินได้ประเภทนี้"",""section_ref"":""มาตรา 40 (6)"",""source_excerpt"":""เงินได้พึงประเมินตามมาตรา 40 (6) ได้แก่ เงินได้จากวิชาชีพอิสระ คือ วิชากฎหมาย การประกอบโรคศิลปะ วิศวกรรม สถาปัตยกรรม การบัญชี ประณีตศิลปกรรม"",""action_required"":""จำแนกว่าเงินได้ที่บริษัทรับหรือจ่ายนั้นเป็นเงินได้จากวิชาชีพอิสระประเภท 6 หรือไม่ เพื่อนำไปใช้สิทธิยกเว้นภาษีได้ถูกต้อง""},{""penalty"":"""",""evidence"":""สัญญาจ้างเหมาก่อสร้าง / ใบแจ้งหนี้รับเหมา พร้อมรายการสัมภาระที่ผู้รับเหมาจัดหาเอง"",""req_text"":""เงินได้ที่บริษัทได้รับจากการรับเหมาที่ต้องลงทุนจัดหาสัมภาระในส่วนสำคัญเองนอกจากเครื่องมือ เช่น รับเหมาก่อสร้างตึก ถนน สาธารณูปโภค — จัดเป็นเงินได้ประเภท 7 ซึ่งต้องนำไปตรวจสอบกับเงื่อนไขยกเว้นภาษีใน พรฎ. ฉบับที่ 805"",""frequency"":""ทุกครั้งที่มีการรับหรือจ่ายเงินได้ประเภทนี้"",""section_ref"":""มาตรา 40 (7)"",""source_excerpt"":""เงินได้พึงประเมินตามมาตรา 40 (7) ได้แก่ เงินได้จากการรับเหมาที่ผู้รับเหมาต้องลงทุนด้วยการจัดหาสัมภาระในส่วนสำคัญนอกจากเครื่องมือ"",""action_required"":""จำแนกว่าเงินได้ที่บริษัทรับหรือจ่ายนั้นเป็นเงินได้จากรับเหมาประเภท 7 หรือไม่ เพื่อนำไปใช้สิทธิยกเว้นภาษีได้ถูกต้อง""},{""penalty"":"""",""evidence"":""สัญญา / ใบแจ้งหนี้ / เอกสารประกอบธุรกรรมที่แสดงลักษณะรายได้จากกิจการหรือบริการทั่วไป"",""req_text"":""เงินได้ที่บริษัทได้รับจากธุรกิจ การพาณิชย์ การเกษตร การอุตสาหกรรม การขนส่ง หรือกิจการอื่นใดที่ไม่เข้าข่ายประเภท (1)–(7) — จัดเป็นเงินได้ประเภท 8 ซึ่งเป็นประเภทกว้างที่สุด และต้องนำไปตรวจสอบกับเงื่อนไขยกเว้นภาษีใน พรฎ. ฉบับที่ 805"",""frequency"":""ทุกครั้งที่มีการรับหรือจ่ายเงินได้ประเภทนี้"",""section_ref"":""มาตรา 40 (8)"",""source_excerpt"":""เงินได้พึงประเมินตามมาตรา 40 (8) ได้แก่ เงินได้จากการธุรกิจ การพาณิชย์ การเกษตร การอุตสาหกรรม การขนส่ง หรือการอื่นนอกจากที่ได้ระบุไว้ใน (1) ถึง (7) แล้ว"",""action_required"":""จำแนกว่าเงินได้ที่บริษัทรับหรือจ่ายนั้นตกอยู่ในประเภท 8 (กล่าวคือไม่ใช่ประเภท 1–7) หรือไม่ เพื่อนำไปใช้สิทธิยกเว้นภาษีได้ถูกต้อง""}]","https://www.rd.go.th/5937.html","high","มาตรา 40 (5)–(8) เป็นบทนิยามประเภทเงินได้ ไม่มีข้อที่บริษัทผู้อ่าน (ผู้จ่ายเงิน) ต้องลงมือปฏิบัติโดยตรงในตัวมาตรานี้เอง การปฏิบัติจริงอยู่ใน มาตรา 50 (หักภาษี ณ ที่จ่าย) และ มาตรา 52 (นำส่ง) ซึ่งเป็นมาตราต่างหาก บริษัทต้องใช้นิยามใน (5)–(8) เพื่อตรวจสอบว่าเงินได้ที่จ่ายออกไปนั้นเข้าข่ายประเภทใด แล้วจึงนำไปเทียบกับเงื่อนไขการยกเว้นใน พรฎ. ฉบับที่ 805 ต่อไป ไม่พบ พรฎ. ฉบับที่ 805 พ.ศ. 2569 ในระบบราชกิจจานุเบกษาหรือเว็บกรมสรรพากร ณ วันที่ค้น (15 ส.ค. 2569) อาจยังไม่ประกาศหรือยังไม่เผยแพร่ออนไลน์","resolved","2026-08-15T10:39:36.522+00:00","[{""clause"":""มาตรา 4"",""law_name"":""พระราชกฤษฎีกาออกตามความในประมวลรัษฎากร ว่าด้วยการยกเว้นรัษฎากร (ฉบับที่ 805) พ.ศ. 2569"",""why_needed"":""เป็นฉบับหลักที่อ้างถึงมาตรา 40 (5)–(8) เพื่อกำหนดว่าเงินได้ประเภทใดบ้างที่ได้รับยกเว้นภาษี และมีเงื่อนไขอะไรบ้างที่บริษัทต้องปฏิบัติเพื่อใช้สิทธิยกเว้นนั้น ยังไม่พบตัวบทเผยแพร่ออนไลน์"",""needs_lookup"":true},{""clause"":""มาตรา 5, มาตรา 6, มาตรา 8"",""law_name"":""พระราชกฤษฎีกาออกตามความในประมวลรัษฎากร ว่าด้วยการลดอัตราภาษีเงินได้ (ฉบับที่ 11) พ.ศ. 2502"",""why_needed"":""กำหนดอัตราหักค่าใช้จ่ายสำหรับเงินได้ประเภท 40(5) 40(6) และ 40(8) ซึ่งมีผลต่อการคำนวณเงินได้สุทธิก่อนใช้สิทธิยกเว้นตาม พรฎ. 805"",""needs_lookup"":true},{""clause"":""null"",""law_name"":""คำสั่งกรมสรรพากร ที่ ท.ป.4/2528 (และฉบับแก้ไขเพิ่มเติม)"",""why_needed"":""กำหนดอัตราและหลักเกณฑ์การหักภาษี ณ ที่จ่ายสำหรับเงินได้ประเภท 40(5)–(8) ซึ่งบริษัทผู้จ่ายเงินต้องปฏิบัติตามควบคู่กับการใช้สิทธิยกเว้นภาษีตาม พรฎ. 805"",""needs_lookup"":true}]",
"4eb85ab3-49ee-4969-96eb-8cf6d7e7fbda","ประมวลรัษฎากร มาตรา 86/4|มาตรา86/4","ประมวลรัษฎากร มาตรา ๘๖/๔ (Revenue Code Section 86/4)","มาตรา ๘๖/๔","มาตรา 86/4 กำหนดรายการขั้นต่ำที่ใบกำกับภาษีแบบเต็มรูปต้องมี ได้แก่ คำว่า 'ใบกำกับภาษี', ชื่อ-ที่อยู่-เลขผู้เสียภาษีของผู้ออก, ชื่อ-ที่อยู่ผู้ซื้อ, เลขที่ใบกำกับ, รายละเอียดสินค้า/บริการ, จำนวนภาษี VAT, และวันที่ออก บังคับใช้กับผู้ประกอบการจดทะเบียน VAT ที่ต้องการให้ใบกำกับภาษีใช้เป็นหลักฐานภาษีซื้อได้","[{""penalty"":""ปรับตามมาตรา 90(12) — ไม่เกิน 2,000 บาทต่อครั้ง"",""evidence"":""ตัวอย่างแบบฟอร์มใบกำกับภาษีที่ใช้งานจริง"",""req_text"":""ใบกำกับภาษีต้องพิมพ์คำว่า 'ใบกำกับภาษี' ไว้ในตำแหน่งที่มองเห็นได้ชัดเจน ไม่ซ่อนหรือเขียนตัวเล็กจนสังเกตไม่ได้"",""frequency"":""ทุกครั้งที่ออกใบกำกับภาษี"",""section_ref"":""มาตรา 86/4 (1)"",""source_excerpt"":""คำว่า 'ใบกำกับภาษี' ในที่ที่เห็นได้เด่นชัด"",""action_required"":""ตรวจสอบแบบฟอร์มใบกำกับภาษีให้มีคำว่า 'ใบกำกับภาษี' โดดเด่นบนหน้าเอกสาร""},{""penalty"":""ปรับตามมาตรา 90(12) — ไม่เกิน 2,000 บาทต่อครั้ง"",""evidence"":""ใบกำกับภาษีที่ออกจริงมีข้อมูลครบ"",""req_text"":""ใบกำกับภาษีต้องระบุชื่อบริษัท ที่อยู่ และเลขประจำตัวผู้เสียภาษี (13 หลัก) ของบริษัทที่เป็นผู้ออกใบกำกับภาษี ให้ครบทั้ง 3 รายการ"",""frequency"":""ทุกครั้งที่ออกใบกำกับภาษี"",""section_ref"":""มาตรา 86/4 (2)"",""source_excerpt"":""ชื่อ ที่อยู่ และเลขประจำตัวผู้เสียภาษีอากรของผู้ประกอบการจดทะเบียนที่ออกใบกำกับภาษี"",""action_required"":""ตรวจสอบแบบฟอร์มว่ามีชื่อ ที่อยู่ และเลข 13 หลักของบริษัทผู้ออกครบถ้วน""},{""penalty"":""ปรับตามมาตรา 90(12) — ไม่เกิน 2,000 บาทต่อครั้ง"",""evidence"":""ใบกำกับภาษีที่มีชื่อ-ที่อยู่ลูกค้าชัดเจน"",""req_text"":""ใบกำกับภาษีต้องระบุชื่อและที่อยู่ของผู้ซื้อสินค้าหรือผู้รับบริการ (ลูกค้า) ให้ถูกต้องตรงกับที่ลูกค้าแจ้ง"",""frequency"":""ทุกครั้งที่ออกใบกำกับภาษี"",""section_ref"":""มาตรา 86/4 (3)"",""source_excerpt"":""ชื่อ ที่อยู่ของผู้ซื้อสินค้าหรือผู้รับบริการ"",""action_required"":""กรอกชื่อและที่อยู่ลูกค้าให้ครบทุกใบ ห้ามเว้นว่างหรือเขียนว่า 'ลูกค้าทั่วไป' ในกรณีที่ลูกค้าต้องการใช้เป็นหลักฐานภาษีซื้อ""},{""penalty"":""ปรับตามมาตรา 90(12) — ไม่เกิน 2,000 บาทต่อครั้ง"",""evidence"":""รายงานภาษีขายที่แสดงเลขที่เรียงต่อเนื่อง"",""req_text"":""ใบกำกับภาษีต้องมีหมายเลขลำดับของใบกำกับภาษี และหมายเลขลำดับของเล่ม (ถ้ามี) โดยเรียงต่อเนื่องกันไม่ซ้ำกัน"",""frequency"":""ทุกครั้งที่ออกใบกำกับภาษี"",""section_ref"":""มาตรา 86/4 (4)"",""source_excerpt"":""หมายเลขลำดับของใบกำกับภาษี และหมายเลขลำดับของเล่มถ้ามี"",""action_required"":""กำหนดระบบเลขที่ใบกำกับภาษีให้เรียงลำดับต่อเนื่อง ไม่ข้าม ไม่ซ้ำ""},{""penalty"":""ปรับตามมาตรา 90(12) — ไม่เกิน 2,000 บาทต่อครั้ง"",""evidence"":""ใบกำกับภาษีที่แสดงรายละเอียดสินค้า/บริการครบถ้วน"",""req_text"":""ใบกำกับภาษีต้องระบุชื่อ ชนิด ประเภท ปริมาณ และมูลค่าของสินค้าหรือบริการให้ครบถ้วนทุกรายการ ห้ามเขียนแค่ 'สินค้าตามรายการแนบ' โดยไม่มีรายละเอียด"",""frequency"":""ทุกครั้งที่ออกใบกำกับภาษี"",""section_ref"":""มาตรา 86/4 (5)"",""source_excerpt"":""ชื่อ ชนิด ประเภท ปริมาณ และมูลค่าของสินค้าหรือของบริการ"",""action_required"":""ระบุรายละเอียดสินค้า/บริการในใบกำกับภาษีให้ครบ 5 รายการ: ชื่อ ชนิด ประเภท จำนวน และมูลค่า""},{""penalty"":""ปรับตามมาตรา 90(12) — ไม่เกิน 2,000 บาทต่อครั้ง"",""evidence"":""ใบกำกับภาษีที่แสดงยอด VAT แยกจากราคาสินค้าชัดเจน"",""req_text"":""ใบกำกับภาษีต้องแสดงจำนวนเงิน VAT แยกออกมาชัดเจน โดยปัดเศษทศนิยมตัวที่ 3: ถ้าน้อยกว่า 5 ให้ปัดทิ้ง ถ้าตั้งแต่ 5 ขึ้นไปให้ปัดขึ้น (เช่น VAT 6.542 บาท → แสดงเป็น 6.54 บาท / VAT 11.775 บาท → แสดงเป็น 11.78 บาท)"",""frequency"":""ทุกครั้งที่ออกใบกำกับภาษี"",""section_ref"":""มาตรา 86/4 (6)"",""source_excerpt"":""จำนวนภาษีมูลค่าเพิ่มที่คำนวณจากมูลค่าสินค้าหรือบริการ"",""action_required"":""ตรวจสอบระบบออกใบกำกับภาษีให้คำนวณและแสดงจำนวน VAT แยกบรรทัด พร้อมปัดเศษให้ถูกต้อง""},{""penalty"":""ปรับตามมาตรา 90(12) — ไม่เกิน 2,000 บาทต่อครั้ง"",""evidence"":""วันที่ในใบกำกับภาษีตรงกับรายการในรายงานภาษีขาย"",""req_text"":""ใบกำกับภาษีต้องระบุวันที่ที่ออกเอกสาร ซึ่งต้องตรงกับวันที่ความรับผิดในการเสียภาษี VAT เกิดขึ้นจริง"",""frequency"":""ทุกครั้งที่ออกใบกำกับภาษี"",""section_ref"":""มาตรา 86/4 (7)"",""source_excerpt"":""วันที่ออกใบกำกับภาษี"",""action_required"":""กรอกวันที่ออกใบกำกับภาษีให้ถูกต้องทุกครั้ง ห้ามออกย้อนหลังหรือล่วงหน้าโดยไม่มีเหตุผลตามกฎหมาย""},{""penalty"":""ปรับตามมาตรา 90(12) — ไม่เกิน 2,000 บาทต่อครั้ง"",""evidence"":""ตัวอย่างแบบฟอร์มชุดเอกสารที่ผ่านการตรวจสอบ"",""req_text"":""กรณีออกใบกำกับภาษีรวมกับเอกสารการค้าชุดเดียวกัน (เช่น ใบเสร็จ ใบส่งของ ใบแจ้งหนี้) และใบกำกับภาษีไม่ใช่เอกสารแผ่นแรก บริษัทต้องพิมพ์ข้อความ 'เอกสารออกเป็นชุด' ไว้ในใบกำกับภาษีและสำเนา และพิมพ์ 'สำเนาใบกำกับภาษี' ไว้ในสำเนาด้วย"",""frequency"":""ทุกครั้งที่ออกเอกสารแบบชุด"",""section_ref"":""มาตรา 86/4 (8) + ประกาศอธิบดีฯ VAT ฉบับที่ 182 และ 199"",""source_excerpt"":""ในใบกำกับภาษีและสำเนาใบกำกับภาษีของเอกสารชุดดังกล่าว จะต้องมีข้อความว่าเอกสารออกเป็นชุด"",""action_required"":""ตรวจสอบแบบฟอร์มชุดเอกสารให้มีข้อความ 'เอกสารออกเป็นชุด' และ 'สำเนาใบกำกับภาษี' ตามที่กำหนด""},{""penalty"":""ปรับตามมาตรา 90(12) — ไม่เกิน 2,000 บาทต่อครั้ง"",""evidence"":""หนังสืออนุมัติจากอธิบดี (กรณีใช้ภาษาต่างประเทศ) หรือแบบฟอร์มที่เป็นภาษาไทย"",""req_text"":""รายการทุกรายการในใบกำกับภาษีต้องเขียนเป็นภาษาไทย และแสดงเป็นหน่วยเงินบาท โดยใช้ตัวเลขอารบิกหรือเลขไทย หากมีความจำเป็นต้องใช้ภาษาต่างประเทศหรือหน่วยเงินตราต่างประเทศ ต้องขออนุมัติจากอธิบดีกรมสรรพากรก่อน"",""frequency"":""ตรวจสอบครั้งแรกก่อนใช้แบบฟอร์ม และทุกครั้งที่เปลี่ยนแบบฟอร์ม"",""section_ref"":""มาตรา 86/4 วรรค 2 (ภาษาและหน่วยเงิน)"",""source_excerpt"":""รายการในใบกำกับภาษีให้ทำเป็นภาษาไทย เป็นหน่วยเงินตราไทยและใช้ตัวเลขไทยหรืออารบิค"",""action_required"":""ตรวจสอบว่าใบกำกับภาษีเขียนเป็นภาษาไทยและหน่วยบาทเป็นค่าเริ่มต้น หากใช้ภาษาอังกฤษหรือสกุลเงินต่างประเทศต้องมีหนังสืออนุมัติจากอธิบดีกรมสรรพากร""}]","https://www.rd.go.th/5208.html","high","ตัวบทจากเว็บกรมสรรพากร rd.go.th โดยตรง ครบทุกรายการ (1)-(8) ยืนยันแล้ว บทบัญญัติ (8) เรื่อง 'ข้อความอื่นตามที่อธิบดีกำหนด' มีประกาศอธิบดีกรมสรรพากร เกี่ยวกับ VAT ฉบับที่ 39, 182, 199 รองรับอยู่แล้ว","resolved","2026-08-15T10:39:47.545+00:00","[{""clause"":""มาตรา 86/5"",""law_name"":""มาตรา 86/5 แห่งประมวลรัษฎากร"",""why_needed"":""มาตรา 86/4 บังคับใช้ 'ภายใต้บังคับมาตรา 86/5' — มาตรา 86/5 อนุญาตให้อธิบดีกำหนดรายการในใบกำกับภาษีเป็นอย่างอื่นได้สำหรับธุรกิจบางประเภท จำเป็นต้องรู้ว่าธุรกิจของบริษัทเข้าข่ายหรือไม่"",""needs_lookup"":true},{""clause"":""มาตรา 86/6"",""law_name"":""มาตรา 86/6 แห่งประมวลรัษฎากร"",""why_needed"":""มาตรา 86/4 บังคับใช้ 'ภายใต้บังคับมาตรา 86/6' — มาตรา 86/6 กำหนดรูปแบบใบกำกับภาษีอย่างย่อสำหรับกิจการค้าปลีก จำเป็นต้องรู้ว่าบริษัทมีสิทธิออกแบบย่อหรือต้องออกแบบเต็มรูป"",""needs_lookup"":true},{""clause"":""null"",""law_name"":""ประกาศอธิบดีกรมสรรพากร เกี่ยวกับภาษีมูลค่าเพิ่ม (ฉบับที่ 199)"",""why_needed"":""กำหนดข้อความอื่นตามมาตรา 86/4(8) รวมถึงการระบุ 'สำนักงานใหญ่' หรือ 'สาขาที่...' ของผู้ซื้อในใบกำกับภาษี ซึ่งส่งผลต่อสิทธิใช้ภาษีซื้อของลูกค้า"",""needs_lookup"":true},{""clause"":""มาตรา 90(12)"",""law_name"":""มาตรา 90(12) แห่งประมวลรัษฎากร"",""why_needed"":""เป็นบทลงโทษโดยตรงกรณีออกใบกำกับภาษีมีรายการไม่ครบถ้วนตามมาตรา 86/4 จำเป็นต้องรู้ตัวเลขค่าปรับที่แน่ชัด"",""needs_lookup"":true}]",
"c75a8fe7-6dce-4cb4-a69c-b77dd2a7738c","ประกาศกระทรวงสาธารณสุขว่าด้วยค่ามาตรฐานมลพิษ|ทั้งฉบับ","ประกาศกระทรวงสาธารณสุข เรื่อง กำหนดค่ามาตรฐานมลพิษทางเสียงอันเกิดจากการประกอบกิจการที่เป็นอันตรายต่อสุขภาพ พ.ศ. 2561","ทั้งฉบับ","บริษัทที่ประกอบกิจการที่เป็นอันตรายต่อสุขภาพต้องควบคุมระดับเสียงรบกวนที่เกิดจากการประกอบกิจการให้ไม่เกิน 10 เดซิเบลเอ โดยวัดตามหลักเกณฑ์ของกฎหมายสิ่งแวดล้อม สำหรับค่ามาตรฐานมลพิษด้านน้ำ อากาศ และความสั่นสะเทือน ยังไม่พบตัวเลขจริงจากการค้นหา ต้องเปิดตัวประกาศฉบับเต็มโดยตรง","[{""penalty"":"""",""evidence"":""ผลการตรวจวัดระดับเสียงรบกวนที่แสดงค่าไม่เกิน 10 เดซิเบลเอ"",""req_text"":""บริษัทต้องควบคุมระดับเสียงรบกวนที่เกิดจากการประกอบกิจการให้มีค่าไม่เกิน 10 เดซิเบลเอ โดยวิธีการตรวจวัดต้องเป็นไปตามกฎหมายว่าด้วยการส่งเสริมและรักษาคุณภาพสิ่งแวดล้อม"",""frequency"":""ต่อเนื่องตลอดการประกอบกิจการ"",""section_ref"":""ประกาศกระทรวงสาธารณสุข พ.ศ. 2561 (อ้างอิงจากข้อบัญญัติท้องถิ่น)"",""source_excerpt"":""ค่ามาตรฐานมลพิษทางเสียงนั้น จะต้องมีค่าระดับเสียงรบกวนอันเกิดจากการประกอบกิจการของสถานประกอบกิจการ ไม่เกิน ๑๐ เดซิเบลเอ"",""action_required"":""ควบคุมและตรวจวัดระดับเสียงรบกวนจากการประกอบกิจการ""}]","https://ratchakitcha.soc.go.th/documents/142D051S0000000015700.pdf","low","พบเฉพาะค่ามาตรฐานมลพิษทางเสียง (ไม่เกิน 10 เดซิเบลเอ) จากเอกสารข้อบัญญัติท้องถิ่นที่อ้างอิงประกาศฯ ไม่ใช่จากตัวประกาศโดยตรง ยังไม่พบตัวบทฉบับเต็มของประกาศกระทรวงสาธารณสุขเรื่องนี้จากราชกิจจานุเบกษา รวมถึงยังไม่ยืนยันได้ว่าประกาศ พ.ศ. 2561 ครอบคลุมมลพิษทุกประเภท (น้ำ อากาศ ความสั่นสะเทือน) หรือมีประกาศแยกย่อยรายประเภทมลพิษ ควรตรวจสอบเพิ่มเติมที่ราชกิจจานุเบกษาโดยตรง","resolved","2026-08-15T13:00:29.434+00:00","[{""clause"":null,""law_name"":""ประกาศกระทรวงสาธารณสุข เรื่อง กำหนดค่ามาตรฐานมลพิษทางน้ำ อากาศ และความสั่นสะเทือน อันเกิดจากการประกอบกิจการที่เป็นอันตรายต่อสุขภาพ (ถ้ามีฉบับแยก)"",""why_needed"":""ค่ามาตรฐานมลพิษด้านน้ำ อากาศ และความสั่นสะเทือน ยังไม่พบตัวเลขจริงจากการค้นหา อาจมีประกาศแยกย่อยรายประเภทหรืออยู่ในประกาศฉบับเดียวกัน จำเป็นต้องยืนยันเพื่อให้บริษัทรู้ค่าที่ต้องปฏิบัติจริงครบทุกด้าน"",""needs_lookup"":true},{""clause"":null,""law_name"":""กฎหมายว่าด้วยการส่งเสริมและรักษาคุณภาพสิ่งแวดล้อม (วิธีการตรวจวัดระดับเสียงรบกวน)"",""why_needed"":""ประกาศฯ กำหนดให้ใช้หลักเกณฑ์และวิธีการตรวจวัดระดับเสียงรบกวนตามกฎหมายนี้ บริษัทต้องรู้วิธีวัดที่ถูกต้องเพื่อพิสูจน์ว่าค่าเสียงไม่เกิน 10 เดซิเบลเอ"",""needs_lookup"":true}]","ประกาศฉบับนี้กำหนดค่าระดับเสียงรบกวนที่เกิดจากการประกอบกิจการ ต้องไม่เกิน 10 เดซิเบลเอ โดยวิธีการตรวจวัดให้ใช้มาตรฐานตามกฎหมายว่าด้วยการส่งเสริมและรักษาคุณภาพสิ่งแวดล้อม ส่วนค่ามาตรฐานมลพิษด้านอื่น (น้ำ อากาศ ความสั่นสะเทือน) ที่อาจมีในประกาศฉบับเดียวกันหรือฉบับอื่นภายใต้ชุดเดียวกัน ยังไม่สามารถยืนยันตัวเลขได้จากผลการค้นหา"
"1c29dd3d-5de0-4280-ae87-a39c2f2690c6","ประกาศกระทรวงสาธารณสุขออกตามความในมาตรา 31 แห่งพ.ร.บ.การสาธารณสุข พ.ศ.2535|มาตรา31","พระราชบัญญัติการสาธารณสุข พ.ศ. ๒๕๓๕ มาตรา ๓๑","มาตรา 31","มาตรา 31 เป็นบทให้อำนาจรัฐมนตรีว่าการกระทรวงสาธารณสุขออกประกาศกำหนดประเภทและขนาดของกิจการที่เป็นอันตรายต่อสุขภาพ พร้อมหลักเกณฑ์ที่ผู้ขออนุญาตต้องปฏิบัติก่อนได้รับใบอนุญาต กิจการที่ถูกประกาศกำหนดตามมาตรานี้จะต้องอยู่ภายใต้บังคับของกฎกระทรวงควบคุมสถานประกอบกิจการที่เป็นอันตรายต่อสุขภาพ พ.ศ. 2560 ด้วย บริษัทต้องตรวจสอบก่อนว่ากิจการของตนเข้าข่ายประเภทที่ประกาศกระทรวงฯ กำหนดหรือไม่","[]","https://epa.onep.go.th/storage/upload/law/%E0%B8%9E%E0%B8%A3%E0%B8%B0%E0%B8%A3%E0%B8%B2%E0%B8%8A%E0%B8%9A%E0%B8%B1%E0%B8%8D%E0%B8%8D%E0%B8%B1%E0%B8%95%E0%B8%B4%E0%B8%81%E0%B8%B2%E0%B8%A3%E0%B8%AA%E0%B8%B2%E0%B8%98%E0%B8%B2%E0%B8%A3%E0%B8%93%E0%B8%AA%E0%B8%B8%E0%B8%82%20%E0%B8%9E.%E0%B8%A8.2535.pdf","medium","ไม่พบข้อความตัวบทมาตรา 31 ฉบับเต็มโดยตรงจากผลการค้นหา สาระที่ระบุสรุปจากการอ้างอิงในเอกสารหลายฉบับที่ใช้มาตรา 31 เป็นฐานอำนาจ รวมถึงนิยาม 'กิจการ' ในข้อบัญญัติท้องถิ่นหลายฉบับที่ระบุว่าหมายถึงกิจการตามประกาศกระทรวงสาธารณสุขที่ออกตาม มาตรา 31 ควรตรวจสอบตัวบทจริงจากราชกิจจานุเบกษาหรือฐานข้อมูลกฎหมายของกรมอนามัยโดยตรง · อ่านตัวบทแล้ว — ได้คำอธิบายสาระ แต่ไม่มีข้อที่บริษัทต้องทำเอง","explained","2026-08-16T03:55:48.822+00:00","[{""clause"":null,""law_name"":""ประกาศกระทรวงสาธารณสุข เรื่อง กิจการที่เป็นอันตรายต่อสุขภาพ (ฉบับปัจจุบัน)"",""why_needed"":""มาตรา 31 เป็นเพียงบทให้อำนาจ ประกาศที่ออกตามมาตรานี้คือเอกสารที่ระบุรายชื่อประเภทกิจการจริง ต้องอ่านประกาศนี้จึงจะทราบว่ากิจการของบริษัทเข้าข่ายหรือไม่"",""needs_lookup"":true},{""clause"":null,""law_name"":""ประกาศกระทรวงสาธารณสุข เรื่อง กำหนดประเภทหรือขนาดของกิจการ และหลักเกณฑ์ วิธีการ และเงื่อนไขที่ผู้ขออนุญาตจะต้องดำเนินการก่อนการพิจารณาออกใบอนุญาต"",""why_needed"":""กำหนดเงื่อนไขที่บริษัทต้องทำก่อนยื่นขอใบอนุญาตประกอบกิจการที่เป็นอันตรายต่อสุขภาพ ซึ่งอ้างอิงตามมาตรา 31 เช่นกัน"",""needs_lookup"":true}]","มาตรา 31 ให้อำนาจรัฐมนตรีว่าการกระทรวงสาธารณสุขออกประกาศกำหนดว่า กิจการประเภทใดบ้างที่ถือเป็น 'กิจการที่เป็นอันตรายต่อสุขภาพ' ซึ่งต้องอยู่ภายใต้การควบคุมของท้องถิ่น โดยประกาศที่ออกตามมาตรานี้จะระบุประเภทและขนาดของกิจการ รวมถึงหลักเกณฑ์เบื้องต้นที่ผู้ประกอบกิจการต้องปฏิบัติก่อนขอใบอนุญาต ตัวอย่างกิจการที่ถูกกำหนด เช่น ฟาร์มเลี้ยงสัตว์ กิจการสปา กิจการนวด และอื่น ๆ"
"0a8ecb5e-f6f8-4fbc-8f08-14aac8518080","ประกาศกระทรวงสาธารณสุข เรื่อง กิจการที่เป็นอันตรายต่อสุขภาพ (ฉบับปัจจุบัน)|ทั้งฉบับ","ประกาศกระทรวงสาธารณสุข เรื่อง กิจการที่เป็นอันตรายต่อสุขภาพ (ฉบับปัจจุบัน พ.ศ. 2561)","ทั้งฉบับ","ประกาศนี้กำหนดรายชื่อกิจการ 9 กลุ่มที่ถือว่าเป็น 'กิจการที่เป็นอันตรายต่อสุขภาพ' ตามกฎหมายการสาธารณสุข หากกิจการของบริษัทตรงกับกลุ่มใดกลุ่มหนึ่งจาก 9 กลุ่ม บริษัทจะต้องขอใบอนุญาตประกอบกิจการจากราชการส่วนท้องถิ่น (อบต./เทศบาล/กรุงเทพมหานคร) ก่อนเปิดดำเนินการ และต้องต่ออายุใบอนุญาตทุกปีตามที่กำหนด","[{""penalty"":""ตามมาตรา 73 พ.ร.บ.การสาธารณสุข 2535 — ปรับไม่เกิน 50,000 บาท (ประกอบกิจการโดยไม่ได้รับใบอนุญาต)"",""evidence"":""ใบอนุญาตประกอบกิจการที่เป็นอันตรายต่อสุขภาพ ออกโดยราชการส่วนท้องถิ่น"",""req_text"":""ตรวจสอบว่ากิจการของบริษัทตรงกับประเภทกิจการที่เป็นอันตรายต่อสุขภาพใน 9 กลุ่มหรือไม่ ได้แก่ (1) กิจการที่เกี่ยวกับสัตว์เลี้ยง เช่น เพาะพันธุ์ เลี้ยงสัตว์ทุกชนิด (2) กิจการที่เกี่ยวกับอาหาร เครื่องดื่ม น้ำแข็ง (3) กิจการที่เกี่ยวกับยา เวชภัณฑ์ อุปกรณ์การแพทย์ (4) กิจการที่เกี่ยวกับการเกษตร (5) กิจการที่เกี่ยวกับโลหะ วัสดุ ของเหลือใช้ (6) กิจการที่เกี่ยวกับพลังงาน เชื้อเพลิง (7) กิจการที่เกี่ยวกับสารเคมี วัตถุอันตราย (8) กิจการที่เกี่ยวกับการผลิต แปรรูปวัสดุ (9) กิจการที่เกี่ยวกับการบริการ เช่น สปา นวด โรงแรม เสริมสวย สระว่ายน้ำ — หากเข้าข่าย ต้องขอใบอนุญาตประกอบกิจการจากราชการส่วนท้องถิ่นที่กิจการตั้งอยู่ก่อนเปิดดำเนินการ"",""frequency"":""ก่อนเริ่มประกอบกิจการ และต่ออายุใบอนุญาตทุกปี"",""section_ref"":""ประกาศกระทรวงสาธารณสุข เรื่อง กิจการที่เป็นอันตรายต่อสุขภาพ (อ้างอิงโดยมาตรา 31 พ.ร.บ.การสาธารณสุข 2535)"",""source_excerpt"":""กิจการที่เป็นอันตรายต่อสุขภาพตามประกาศกระทรวงสาธารณสุขที่ออกตามความในมาตรา 31 แห่งพระราชบัญญัติการสาธารณสุข พ.ศ.2535"",""action_required"":""ตรวจสอบประเภทกิจการเทียบกับรายการทั้ง 9 กลุ่ม และยื่นขอใบอนุญาตก่อนเปิดกิจการ""}]","https://www.ratchakitcha.soc.go.th","low","ไม่พบ PDF ตัวประกาศกระทรวงสาธารณสุขฉบับที่ออกตามมาตรา 31 โดยตรงในผลการค้นหา ข้อมูล 9 กลุ่มกิจการสรุปจากข้อบัญญัติ อบต./เทศบาล หลายฉบับที่อ้างอิงประกาศ พ.ศ.2561 ว่าเป็นฉบับที่ใช้อยู่ในปัจจุบัน แนะนำให้ตรวจสอบตัวประกาศโดยตรงที่ราชกิจจานุเบกษาหรือเว็บไซต์กรมอนามัย เพื่อยืนยันรายชื่อกิจการครบถ้วน โดยเฉพาะกลุ่มที่ 2-8 ซึ่งพบรายละเอียดน้อยในผลการค้นหา · ใช้ผลจากการค้นโดยตรง (ผ่านด่านตรวจครบ)","resolved","2026-08-16T03:57:52.262+00:00","[{""clause"":""มาตรา 32-58"",""law_name"":""พระราชบัญญัติการสาธารณสุข พ.ศ. 2535 หมวด 3 กิจการที่เป็นอันตรายต่อสุขภาพ"",""why_needed"":""กำหนดขั้นตอนการขอใบอนุญาต เงื่อนไขการออก การพักใช้ การเพิกถอนใบอนุญาต และบทกำหนดโทษสำหรับกิจการที่เป็นอันตรายต่อสุขภาพ"",""needs_lookup"":true},{""clause"":null,""law_name"":""ข้อบัญญัติ/เทศบัญญัติของราชการส่วนท้องถิ่นที่กิจการตั้งอยู่ ว่าด้วยกิจการที่เป็นอันตรายต่อสุขภาพ"",""why_needed"":""ราชการส่วนท้องถิ่นแต่ละแห่งออกข้อบัญญัติกำหนดรายชื่อกิจการ หลักเกณฑ์ เงื่อนไข อัตราค่าธรรมเนียม และมาตรฐานสุขลักษณะที่กิจการในพื้นที่นั้นต้องปฏิบัติโดยเฉพาะ"",""needs_lookup"":true},{""clause"":null,""law_name"":""ประกาศกระทรวงสาธารณสุข เรื่อง กำหนดค่ามาตรฐานมลพิษทางเสียงอันเกิดจากการประกอบกิจการที่เป็นอันตรายต่อสุขภาพ พ.ศ. 2561"",""why_needed"":""กำหนดค่าระดับเสียงรบกวนที่สถานประกอบกิจการต้องไม่เกิน ซึ่งบริษัทต้องควบคุมเสียงให้ได้ตามมาตรฐานนี้"",""needs_lookup"":true}]","ประกาศนี้ออกโดยกระทรวงสาธารณสุขตามอำนาจในมาตรา 31 แห่ง พ.ร.บ.การสาธารณสุข พ.ศ. 2535 เพื่อกำหนดว่ากิจการประเภทใดบ้างที่ถือว่า 'เป็นอันตรายต่อสุขภาพ' และต้องขอใบอนุญาตจากราชการส่วนท้องถิ่น ปัจจุบันกิจการแบ่งเป็น 9 กลุ่ม ได้แก่ (1) กิจการที่เกี่ยวกับสัตว์เลี้ยง (2) กิจการที่เกี่ยวกับอาหาร เครื่องดื่ม น้ำแข็ง (3) กิจการที่เกี่ยวกับยา เวชภัณฑ์ อุปกรณ์การแพทย์ (4) กิจการที่เกี่ยวกับการเกษตร (5) กิจการที่เกี่ยวกับโลหะ วัสดุ ของเหลือใช้ (6) กิจการที่เกี่ยวกับพลังงาน เชื้อเพลิง (7) กิจการที่เกี่ยวกับสารเคมี วัตถุอันตราย (8) กิจการที่เกี่ยวกับการผลิต แปรรูปวัสดุ (9) กิจการที่เกี่ยวกับการบริการ เช่น สปา นวด โรงแรม เสริมสวย สระว่ายน้ำ"
"f1be6f16-11a5-4bb5-82d0-c82e67bb20b0","กฎหมายว่าด้วยวัตถุอันตราย|ทั้งฉบับ","พระราชบัญญัติวัตถุอันตราย พ.ศ. 2535 (แก้ไขเพิ่มเติมถึงฉบับที่ 4 พ.ศ. 2562)","ทั้งฉบับ","ไม่พบตัวบทมาตรา 4, 18, 19 และ 20 ของ พ.ร.บ.วัตถุอันตราย พ.ศ. 2535 โดยตรงจากผลค้นหา พบเพียงข้อมูลบางส่วนจากฉบับแก้ไขครั้งที่ 4 (พ.ศ. 2562) ที่อ้างถึงมาตรา 20(1/1) เรื่องประกันภัย และมาตรา 18 วรรคสองเรื่องวัตถุอันตรายชนิดที่ 1 เท่านั้น ข้อบัญญัติท้องถิ่นหลายฉบับที่ออกตามกฎกระทรวง พ.ศ. 2560 นิยาม 'วัตถุอันตราย' ว่าหมายถึงวัตถุอันตรายตามกฎหมายว่าด้วยวัตถุอันตราย และกำหนดให้สถานประกอบกิจการต้องมีสถานที่เก็บรักษาวัตถุอันตรายแยกต่างหากและมีที่ชำระร่างกายฉุกเฉิน/ที่ล้างตาฉุกเฉิน ตามที่กำหนดไว้ใน พ.ร.บ.วัตถุอันตราย แต่ไม่พบตัวเลขหรือเกณฑ์เฉพาะจากมาตรา 18-20 โดยตรง","[]","https://ratchakitcha.soc.go.th/documents/17087277.pdf","low","ค้นหาตัวบทหลัก พ.ร.บ.วัตถุอันตราย พ.ศ. 2535 มาตรา 4 (นิยามวัตถุอันตราย 4 ชนิด), มาตรา 18 (เงื่อนไขการแจ้ง/ขึ้นทะเบียน), มาตรา 19 และมาตรา 20 (หลักเกณฑ์การเก็บรักษา) จาก 4 ครั้งค้นหาแล้วไม่พบตัวบทโดยตรง พบเฉพาะข้อมูลจากฉบับแก้ไข (ฉบับที่ 4 พ.ศ. 2562) และข้อบัญญัติท้องถิ่นที่อ้างอิงกฎหมายนี้เท่านั้น แนะนำให้เปิดตัวบทจริงจาก krisdika.go.th ค้นหา 'พระราชบัญญัติวัตถุอันตราย พ.ศ. 2535' หรือจาก กรมโรงงานอุตสาหกรรม (diw.go.th) หรือ กรมวิชาการเกษตร (doa.go.th) แล้วแต่ประเภทกิจการ","explained","2026-08-16T03:56:36.451+00:00","[]","พ.ร.บ.วัตถุอันตราย พ.ศ. 2535 กำหนดนิยาม ประเภท และมาตรการควบคุมวัตถุที่อาจเป็นอันตรายต่อบุคคล สัตว์ พืช และสิ่งแวดล้อม ครอบคลุมตั้งแต่การผลิต นำเข้า ส่งออก การขาย การขนส่ง การเก็บรักษา ไปจนถึงการกำจัดทำลาย โดยแบ่งวัตถุอันตรายออกเป็น 4 ชนิดตามระดับความอันตราย ซึ่งกำหนดขั้นตอนควบคุมต่างกัน ตั้งแต่การแจ้งข้อเท็จจริง การขึ้นทะเบียน การขอใบอนุญาต ไปจนถึงการห้ามผลิตหรือครอบครองโดยเด็ดขาด — อย่างไรก็ตาม ไม่พบตัวบทมาตรา 4 (นิยาม) มาตรา 18 มาตรา 19 และมาตรา 20 (เงื่อนไขการเก็บรักษา) ของฉบับต้นฉบับจากผลค้นหา จึงไม่สามารถยืนยันข้อความที่แน่นอนได้"
"43fc8ad2-3c17-42e2-95e1-2e29447654cd","ประกาศกระทรวงสาธารณสุข เรื่อง กำหนดประเภทหรือขนาดของกิจการ และหลักเกณฑ์ วิธีการ และเงื่อนไขที่ผู้ขออนุญาตจะต้องดำเนินการก่อนการพิจารณาออกใบอนุญาต|ทั้งฉบับ","ประกาศกระทรวงสาธารณสุข เรื่อง กำหนดประเภทหรือขนาดของกิจการ และหลักเกณฑ์ วิธีการ และเงื่อนไขที่ผู้ขออนุญาตจะต้องดำเนินการก่อนการพิจารณาออกใบอนุญาต (ออกตามมาตรา 31 แห่งพระราชบัญญัติการสาธารณสุข พ.ศ. 2535)","ทั้งฉบับ","","[]","","low","ค้นหาตัวบทฉบับเต็มของประกาศกระทรวงสาธารณสุขที่กำหนดหลักเกณฑ์และเงื่อนไข 'ก่อนการพิจารณาออกใบอนุญาต' ตามมาตรา 31 ไม่พบในผลการค้นหาจากราชกิจจานุเบกษา ประกาศที่พบใกล้เคียงที่สุดคือประกาศกระทรวงสาธารณสุขที่ 5/2538 เรื่อง กิจการที่เป็นอันตรายต่อสุขภาพ ซึ่งกำหนดรายชื่อประเภทกิจการ และมีการอ้างอิงถึงประกาศว่าด้วยการรับฟังความคิดเห็นของประชาชนที่เกี่ยวข้องในข้อบัญญัติท้องถิ่นหลายฉบับ แต่ยังไม่พบตัวบทจริงของประกาศที่ถามถึงโดยตรง ควรตรวจสอบจากเว็บไซต์ราชกิจจานุเบกษา (ratchakitcha.soc.go.th) หรือกรมอนามัย กระทรวงสาธารณสุข โดยตรง","explained","2026-08-16T03:57:26.455+00:00","[]","ประกาศฉบับนี้กำหนดว่ากิจการประเภทหรือขนาดใดบ้างที่ถือเป็น 'กิจการที่เป็นอันตรายต่อสุขภาพ' และกำหนดสิ่งที่บริษัทต้องทำก่อนที่เจ้าพนักงานท้องถิ่นจะพิจารณาออกใบอนุญาตให้ เช่น การรับฟังความคิดเห็นของประชาชนหรือเงื่อนไขอื่น แต่ไม่พบตัวบทฉบับเต็มจากการค้นหา"
"9b67ce1c-58c6-4488-bfc3-3a7100f93615","ประมวลรัษฎากร ว่าด้วยการยกเว้นรัษฎากร (ฉบับที่ 10)|มาตรา3(1)","พระราชบัญญัติแก้ไขเพิ่มเติมประมวลรัษฎากร (ฉบับที่ 10) พ.ศ. 2496 มาตรา 3 (1)","มาตรา ๓ (๑)","มาตรา 3 (1) แห่งประมวลรัษฎากร ซึ่งแก้ไขเพิ่มเติมโดยพระราชบัญญัติฉบับที่ 10 พ.ศ. 2496 เป็นบทที่ให้อำนาจรัฐบาลออกพระราชกฤษฎีกายกเว้นภาษีอากรตามประมวลรัษฎากรได้ ไม่ใช่บทที่กำหนดหน้าที่ให้บริษัทต้องปฏิบัติ จึงเป็นเพียง 'ฐานอำนาจทางกฎหมาย' ที่ทำให้พระราชกฤษฎีกาฉบับที่ 805 พ.ศ. 2569 มีผลบังคับใช้ได้ชอบด้วยกฎหมาย","[]","https://www.rd.go.th/62258.html","high","มาตรา 3 (1) ของประมวลรัษฎากร (แก้ไขโดย พ.ร.บ. ฉบับที่ 10 พ.ศ. 2496) เป็นบทให้อำนาจฝ่ายบริหาร ไม่ใช่บทกำหนดหน้าที่แก่เอกชน พบการอ้างอิงมาตรานี้ในพระราชกฤษฎีกายกเว้นภาษีหลายร้อยฉบับ ตั้งแต่ฉบับแรกๆ จนถึงฉบับที่ 805 พ.ศ. 2569 ยืนยันว่าเป็นฐานอำนาจถาวรของการออกมาตรการยกเว้นภาษี หน้าที่ของบริษัทในการปฏิบัติอยู่ในพระราชกฤษฎีกาฉบับที่ 805 โดยตรง ไม่ใช่ในมาตรานี้ · ไม่เหลือข้อที่ใช้ได้","link_only","2026-08-14T06:48:12.09+00:00","[]",
"6094b0a9-5e7d-4783-88a6-568cf16b54c5","ประกาศอธิบดีกรมสรรพากรที่ออกตามความในพ.ร.ฎ.ฉบับที่ 805|ทั้งฉบับ","ประกาศอธิบดีกรมสรรพากรที่ออกตามความในพระราชกฤษฎีกาออกตามความในประมวลรัษฎากร ว่าด้วยการยกเว้นรัษฎากร (ฉบับที่ ๘๐๕) พ.ศ. ๒๕๖๙","ทั้งฉบับ","พ.ร.ฎ. ฉบับที่ 805 พ.ศ. 2569 มีเนื้อหาเรื่อง 'มาตรการภาษีติดตั้ง Solar Rooftop และส่งเสริมการอนุรักษ์พลังงาน' ได้รับการยืนยันจากเว็บกรมสรรพากร อย่างไรก็ตาม ยังไม่พบตัวประกาศอธิบดีที่ออกตามความในพระราชกฤษฎีกาฉบับนี้โดยเฉพาะ (ยังไม่ปรากฏในรายการประกาศอธิบดีบนเว็บ rd.go.th) จึงไม่สามารถระบุข้อกำหนดที่บริษัทต้องปฏิบัติได้อย่างถูกต้องตามตัวบทจริง","[]","https://www.rd.go.th/19956.html","low","ยืนยันได้ว่า พ.ร.ฎ. ฉบับที่ 805 พ.ศ. 2569 มีผลบังคับแล้ว (ปรากฏในหน้า 'กฎหมายออกใหม่' ของกรมสรรพากร มีนาคม 2569) และเนื้อหาหลักคือมาตรการภาษี 2 ส่วน ได้แก่ (1) Solar Rooftop สำหรับบ้านอยู่อาศัย และ (2) เครื่องจักร/อุปกรณ์ประสิทธิภาพสูงฉลาก 5 ดาว สำหรับภาคธุรกิจ ยกเว้นภาษีเงินได้ 50% ของรายจ่าย — อย่างไรก็ตาม ประกาศอธิบดีที่ออกตามความในพระราชกฤษฎีกาฉบับนี้โดยเฉพาะยังไม่พบในฐานข้อมูลประกาศอธิบดีของ rd.go.th ณ วันที่ค้น บริษัทต้องติดตามที่ https://www.rd.go.th/19956.html (รายการประกาศอธิบดีเกี่ยวกับภาษีเงินได้) อย่างสม่ำเสมอ เนื่องจากประกาศอาจออกในภายหลัง หรืออาจอยู่ภายใต้ชื่อมาตรการ Solar Rooftop / พลังงาน 5 ดาว","link_only","2026-08-14T06:48:18.406+00:00","[]",
"d81df883-a9be-43cd-b4eb-db9d60e8e611","ประมวลรัษฎากร มาตรา 3 โสหัส|มาตรา3โสหัส","ประมวลรัษฎากร มาตรา ๓ โสฬส (โสหัส)","มาตรา ๓ โสหัส","มาตรา 3 โสฬส เปิดช่องให้เอกสารทางภาษีทุกชนิดทำในรูปแบบอิเล็กทรอนิกส์ได้ โดยมีเงื่อนไขว่าต้องเป็นไปตามหลักเกณฑ์ในกฎกระทรวง ฉบับที่ 384 (พ.ศ. 2565) ซึ่งกำหนดมาตรฐานการจัดทำ ส่ง รับ และเก็บรักษาเอกสารอิเล็กทรอนิกส์ รวมถึงต้องสอดคล้องกับกฎหมายธุรกรรมทางอิเล็กทรอนิกส์ ดังนั้น ใบกำกับภาษีอิเล็กทรอนิกส์ที่บริษัทรับมาจะใช้เป็นหลักฐานได้ก็ต่อเมื่อผู้ออกปฏิบัติตามกฎกระทรวง 384 ครบถ้วน","[{""penalty"":"""",""evidence"":""ใบกำกับภาษีอิเล็กทรอนิกส์ที่มีลายมือชื่ออิเล็กทรอนิกส์หรือ Time Stamp ตามที่กฎกระทรวงกำหนด"",""req_text"":""ใบกำกับภาษีอิเล็กทรอนิกส์ที่บริษัทรับมาเพื่อใช้เป็นหลักฐานทางภาษีได้ ต้องเป็นเอกสารที่ผู้ออกจัดทำตามหลักเกณฑ์และวิธีการที่กำหนดในกฎกระทรวง ฉบับที่ 384 (พ.ศ. 2565) เท่านั้น หากเอกสารที่รับมาไม่เป็นไปตามหลักเกณฑ์ดังกล่าว จะไม่สามารถใช้เป็นหลักฐานในการขอคืนหรือหักภาษีได้"",""frequency"":""ทุกครั้งที่รับใบกำกับภาษีอิเล็กทรอนิกส์"",""section_ref"":""มาตรา ๓ โสฬส วรรคหนึ่ง"",""source_excerpt"":""บรรดา...ใบกำกับภาษี รายงาน เอกสารหลักฐานหรือหนังสืออื่นใด ที่ต้องมี จัดทำ หรือใช้ ตามที่บัญญัติในประมวลรัษฎากร...อาจกระทำด้วยกระบวนการทางอิเล็กทรอนิกส์ก็ได้ ทั้งนี้ ให้เป็นไปตามหลักเกณฑ์และวิธีการที่กำหนดในกฎกระทรวง"",""action_required"":""ตรวจสอบว่าใบกำกับภาษีอิเล็กทรอนิกส์ที่รับมาจากคู่ค้าเป็นไปตามกฎกระทรวงฉบับที่ 384 (พ.ศ. 2565) ก่อนนำไปใช้เป็นหลักฐานทางภาษี""}]","https://www.rd.go.th/publish/5951.0.html","high","ตัวบทในเว็บกรมสรรพากรใช้คำว่า 'โสฬส' ซึ่งเป็นเลข 16 ในภาษาบาลี/สันสกฤต ตรงกับ 'โสหัส' ที่ปรากฏในคำถาม เป็นมาตราเดียวกัน ปัจจุบันมาตรานี้ถูกแก้ไขโดย พ.ร.บ. แก้ไขเพิ่มเติมประมวลรัษฎากร (ฉบับที่ 53) พ.ศ. 2564 และกฎกระทรวงที่ใช้บังคับปัจจุบันคือฉบับที่ 384 (พ.ศ. 2565) ประกาศอธิบดีฉบับที่ 15 (ฉบับเก่า) สิ้นผลใช้บังคับแล้ว · ใช้ผลจากการค้นโดยตรง (ผ่านด่านตรวจครบ)","resolved","2026-08-17T14:14:31.61+00:00","[{""clause"":null,""law_name"":""กฎกระทรวง ฉบับที่ 384 (พ.ศ. 2565) ออกตามความในประมวลรัษฎากร ว่าด้วยการดำเนินการเกี่ยวกับเอกสารหลักฐานหรือหนังสือด้วยกระบวนการทางอิเล็กทรอนิกส์"",""why_needed"":""กฎกระทรวงฉบับนี้คือกฎหมายลูกที่กำหนดเงื่อนไขจริงว่าใบกำกับภาษีอิเล็กทรอนิกส์ต้องจัดทำ ส่ง และเก็บรักษาอย่างไร รวมถึงต้องมีลายมือชื่ออิเล็กทรอนิกส์หรือ Time Stamp แบบใด บริษัทต้องรู้เนื้อหานี้เพื่อตรวจสอบว่าใบกำกับที่รับมาใช้งานได้จริงหรือไม่"",""needs_lookup"":true},{""clause"":null,""law_name"":""ประกาศกรมสรรพากร เรื่อง การจัดทำ ส่ง หรือเก็บรักษา ใบกำกับภาษี หรือใบรับ โดยใช้ใบรับรองอิเล็กทรอนิกส์ในการลงลายมือชื่อ"",""why_needed"":""ประกาศฉบับนี้ออกใต้กฎกระทรวง 384 กำหนดรายละเอียดเพิ่มเติมเรื่องการใช้ใบรับรองอิเล็กทรอนิกส์ (Electronic Certificate) และรูปแบบไฟล์ที่กรมสรรพากรกำหนด ซึ่งบริษัทต้องตรวจสอบเพื่อให้มั่นใจว่าใบกำกับที่รับมาถูกต้องครบถ้วน"",""needs_lookup"":true},{""clause"":null,""law_name"":""ประกาศกรมสรรพากร เรื่อง การจัดทำ ส่ง หรือเก็บรักษา ใบกำกับภาษี โดยการประทับรับรองเวลา (Time Stamp)"",""why_needed"":""ประกาศฉบับนี้ออกใต้กฎกระทรวง 384 กำหนดรายละเอียดสำหรับวิธี Time Stamp อีกช่องทางหนึ่ง บริษัทต้องรู้เพื่อตรวจสอบว่าใบกำกับที่รับมาผ่านช่องทางนี้ถูกต้องหรือไม่"",""needs_lookup"":true}]","มาตรานี้กำหนดว่า เอกสารทางภาษีทุกประเภทที่ประมวลรัษฎากรกำหนดให้ต้องมีหรือจัดทำ เช่น ใบกำกับภาษี รายงาน และหนังสือติดต่อกับกรมสรรพากร สามารถทำในรูปแบบอิเล็กทรอนิกส์ได้ แต่ต้องปฏิบัติตามหลักเกณฑ์และวิธีการที่กำหนดในกฎกระทรวง ซึ่งปัจจุบันคือกฎกระทรวง ฉบับที่ 384 (พ.ศ. 2565) โดยกฎกระทรวงดังกล่าวต้องครอบคลุมเรื่องการจัดทำ การส่ง การรับ และการเก็บรักษาเอกสาร ซึ่งต้องสอดคล้องกับกฎหมายว่าด้วยธุรกรรมทางอิเล็กทรอนิกส์ด้วย"
"1e4a9a24-f5f2-4a2a-b982-5a9a774cf503","ประมวลรัษฎากร มาตรา 46/4 (มาตรา 86/4)|มาตรา86/4","ประมวลรัษฎากร มาตรา ๘๖/๔ (รายการในใบกำกับภาษีแบบเต็มรูป)","มาตรา ๘๖/๔","ใบกำกับภาษีแบบเต็มรูปตามมาตรา 86/4 ต้องมีรายการครบ 8 ข้อ ได้แก่ (1) คำว่า 'ใบกำกับภาษี' เด่นชัด (2) ชื่อ ที่อยู่ เลขผู้เสียภาษีของผู้ออก (3) ชื่อ ที่อยู่ผู้ซื้อ/รับบริการ (4) หมายเลขลำดับและเล่ม (5) ชื่อ ชนิด ปริมาณ มูลค่าสินค้า/บริการ (6) VAT แยกจากมูลค่าสินค้าชัดเจน (7) วัน/เดือน/ปีที่ออก (8) ข้อความเพิ่มเติมที่อธิบดีกำหนด เช่น เลขผู้เสียภาษีของผู้ซื้อ (ตั้งแต่ 1 ม.ค. 2558) และรหัสสาขาของผู้ออก รายการใดขาดหรือไม่ถูกต้องถือว่าเป็นใบกำกับที่บกพร่อง ไม่สามารถใช้เป็นภาษีซื้อหรือหลักฐานการใช้สิทธิยกเว้นภาษีได้","[{""penalty"":"""",""evidence"":""ใบกำกับภาษีแบบเต็มรูปที่มีรายการครบทั้ง 8 ข้อ"",""req_text"":""ก่อนนำใบกำกับภาษีแบบเต็มรูปไปใช้สิทธิ (เช่น ใช้เป็นภาษีซื้อ หรือใช้ประกอบการยกเว้นภาษีตาม พ.ร.ฎ. ๘๐๕) บริษัทต้องตรวจสอบว่าใบกำกับภาษีนั้นมีรายการครบทั้ง 8 ข้อ คือ (1) คำว่า 'ใบกำกับภาษี' เห็นเด่นชัด (2) ชื่อ ที่อยู่ เลขผู้เสียภาษีของผู้ออก (3) ชื่อ ที่อยู่ของบริษัท (4) หมายเลขลำดับใบกำกับและเล่ม (5) ชื่อ ชนิด ปริมาณ และมูลค่าสินค้า/บริการ (6) จำนวน VAT แยกออกจากมูลค่าสินค้าชัดเจน (7) วัน เดือน ปี ที่ออก (8) เลขผู้เสียภาษีของบริษัท (ผู้ซื้อ) และรหัสสาขาของผู้ออก ใบกำกับที่ขาดรายการใดรายการหนึ่งใช้เป็นหลักฐานการใช้สิทธิไม่ได้"",""frequency"":""ทุกครั้งที่ได้รับใบกำกับภาษีและต้องการนำไปใช้สิทธิ"",""section_ref"":""มาตรา ๘๖/๔"",""source_excerpt"":""ใบกำกับภาษีต้องมีรายการอย่างน้อยดังต่อไปนี้ (1) คำว่า 'ใบกำกับภาษี' ในที่ที่เห็นได้เด่นชัด ... (5) ชื่อ ชนิด ประเภท ปริมาณ และมูลค่าของสินค้าหรือของบริการ (6) จำนวนภาษีมูลค่าเพิ่มที่คำนวณจากมูลค่า โดยให้แยกออกจากมูลค่าของสินค้าและหรือของบริการให้ชัดแจ้ง"",""action_required"":""ตรวจสอบความครบถ้วนของรายการในใบกำกับภาษีทุกฉบับก่อนนำไปใช้สิทธิ""},{""penalty"":"""",""evidence"":""ใบกำกับภาษีที่มีเลขผู้เสียภาษีของบริษัทระบุไว้"",""req_text"":""ใบกำกับภาษีที่บริษัทได้รับในฐานะผู้ซื้อ/ผู้รับบริการซึ่งเป็นผู้ประกอบการจดทะเบียน ต้องมีเลขประจำตัวผู้เสียภาษีของบริษัทระบุไว้ด้วย สำหรับใบกำกับภาษีที่จัดทำตั้งแต่วันที่ 1 มกราคม 2558 เป็นต้นไป หากไม่มีเลขผู้เสียภาษีของบริษัท ใบกำกับนั้นถือว่าไม่สมบูรณ์"",""frequency"":""ทุกครั้งที่มีการซื้อสินค้า/รับบริการและต้องการใบกำกับภาษีแบบเต็มรูป"",""section_ref"":""มาตรา ๘๖/๔ ประกอบประกาศอธิบดีฯ ภาษีมูลค่าเพิ่ม (ฉบับที่ ๑๙๙)"",""source_excerpt"":""ผู้ประกอบการจดทะเบียนจะต้องระบุเลขประจำตัวผู้เสียภาษีอากรของผู้ซื้อสินค้าหรือผู้รับบริการซึ่งเป็นผู้ประกอบการจดทะเบียน ไว้ในใบกำกับภาษีนั้น สำหรับการจัดทำใบกำกับภาษีตามมาตรา 86/4 ที่ได้จัดทำตั้งแต่วันที่ 1 มกราคม พ.ศ. 2558 เป็นต้นไป"",""action_required"":""แจ้งเลขประจำตัวผู้เสียภาษีของบริษัทให้ผู้ขาย/ผู้ให้บริการระบุในใบกำกับภาษีทุกครั้ง""}]","https://www.rd.go.th/5208.html","high","ตัวบทมาตรา 86/4 วรรคแรก ข้อ (1)-(6) ได้จากหน้า rd.go.th/5208.html โดยตรง ส่วนข้อ (7) วัน/เดือน/ปี และ (8) ข้อความอื่นตามที่อธิบดีกำหนด ยืนยันจากประกาศอธิบดีฯ ฉบับที่ 39, 199 ที่อ้างอิงมาตรา 86/4(8) ซึ่งตรงกับโครงสร้างมาตราที่มีทั้งหมด 8 ข้อ วรรคสองกำหนดให้จัดทำเป็นภาษาไทยหรืออังกฤษและหน่วยบาท หากต้องการเป็นภาษาอื่นหรือสกุลเงินต่างประเทศต้องขออนุมัติอธิบดี · ใช้ผลจากการค้นโดยตรง (ผ่านด่านตรวจครบ)","resolved","2026-08-17T14:14:47.759+00:00","[{""clause"":null,""law_name"":""ประกาศอธิบดีกรมสรรพากร เกี่ยวกับภาษีมูลค่าเพิ่ม (ฉบับที่ ๑๙๙) เรื่อง กำหนดข้อความอื่นในใบกำกับภาษีตามมาตรา ๘๖/๔(๘)"",""why_needed"":""กำหนดรายการเพิ่มเติมที่ต้องมีในใบกำกับภาษีนอกเหนือจาก 7 ข้อแรก เช่น เลขผู้เสียภาษีของผู้ซื้อ รหัสสาขาของผู้ออก และข้อความสำหรับเอกสารอิเล็กทรอนิกส์ ซึ่งขาดไปจะทำให้ใบกำกับภาษีใช้เป็นหลักฐานไม่ได้"",""needs_lookup"":true},{""clause"":""มาตรา ๓ โสฬส"",""law_name"":""ประมวลรัษฎากร มาตรา ๓ โสฬส"",""why_needed"":""กำหนดหลักเกณฑ์การจัดทำ ส่ง และเก็บรักษาใบกำกับภาษีอิเล็กทรอนิกส์ ซึ่งหาก พ.ร.ฎ. ๘๐๕ อนุญาตให้ใช้ใบกำกับภาษีอิเล็กทรอนิกส์เป็นหลักฐานการใช้สิทธิ จำเป็นต้องตรวจสอบว่าจัดทำตามหลักเกณฑ์ของมาตรานี้ครบถ้วนหรือไม่"",""needs_lookup"":true}]","กำหนดว่าใบกำกับภาษีแบบเต็มรูปต้องมีรายการอย่างน้อย 8 รายการ ได้แก่ (1) คำว่า 'ใบกำกับภาษี' ที่เห็นได้เด่นชัด (2) ชื่อ ที่อยู่ เลขผู้เสียภาษีของผู้ออก (3) ชื่อ ที่อยู่ของผู้ซื้อ/ผู้รับบริการ (4) หมายเลขลำดับของใบกำกับและเล่ม (5) ชื่อ ชนิด ประเภท ปริมาณ และมูลค่าของสินค้า/บริการ (6) จำนวน VAT แยกออกจากมูลค่าสินค้าให้ชัดเจน (7) วัน เดือน ปี ที่ออก (8) ข้อความอื่นตามที่อธิบดีกำหนด เช่น เลขผู้เสียภาษีของผู้ซื้อและรหัสสาขา ใบกำกับนอกจากภาษาไทยหรืออังกฤษหรือหน่วยเงินต่างชาติต้องได้รับอนุมัติจากอธิบดี"
