"id","action","law_id","law_code","law_name","detail","actor","created_at"
"1","requirement","30","LA-031","กฎกระทรวงการอนุญาตเป็นผู้ชำนาญการด้านความปลอดภัย อาชีวอนามัย และสภาพแวดล้อมในการทำงาน พ.ศ. 2567","ปรับเป็นสอดคล้อง: คุณสมบัติผู้ขอรับใบอนุญาตเป็นผู้ชำนาญการด้านความปลอดภัยฯ และหลักเกณฑ์การขึ้นทะเบ",,"2026-06-08T04:36:26.143216+00:00"
"2","requirement","30","LA-031","กฎกระทรวงการอนุญาตเป็นผู้ชำนาญการด้านความปลอดภัย อาชีวอนามัย และสภาพแวดล้อมในการทำงาน พ.ศ. 2567","ปรับเป็นยังไม่สอดคล้อง: คุณสมบัติผู้ขอรับใบอนุญาตเป็นผู้ชำนาญการด้านความปลอดภัยฯ และหลักเกณฑ์การขึ้นทะเบ",,"2026-06-08T04:36:26.157126+00:00"
"3","requirement","30","LA-031","กฎกระทรวงการอนุญาตเป็นผู้ชำนาญการด้านความปลอดภัย อาชีวอนามัย และสภาพแวดล้อมในการทำงาน พ.ศ. 2567","ปรับเป็นยังไม่สอดคล้อง: คุณสมบัติผู้ขอรับใบอนุญาตเป็นผู้ชำนาญการด้านความปลอดภัยฯ และหลักเกณฑ์การขึ้นทะเบ",,"2026-06-08T05:27:42.790222+00:00"
"4","repeal","82","LD-012","ประกาศ เรื่อง กำหนดชนิดของโรคซึ่งเกิดขึ้นตามลักษณะหรือสภาพของงาน ประกาศ 15 ส.ค. 50","ยกเลิกตามทะเบียน F-259 (ขีดฆ่าสีแดง) แทนที่ด้วย LD-014",,"2026-06-08T05:52:50.335671+00:00"
"5","requirement","1","LA-001","ประกาศกรมสวัสดิการและคุ้มครองแรงงาน เรื่อง แบบการแจ้งการดำเนินการหรือส่งเอกสารตามมาตรฐานในการบริหารและการจัดการด้านความปลอดภัยอาชีวอนามัย และสภาพแวดล้อมในการทำงานทางสื่ออิเล็กทรอนิกส์ พ.ศ.2553","ปรับเป็นยังไม่สอดคล้อง: 3. การแจ้งการดำเนินการหรือส่งเอกสารต่ออธิบดี ผู้ซึ่งอธิบดีมอบหมายหรือพนักงานตรวจ",,"2026-06-08T09:24:50.393981+00:00"
"6","requirement","1","LA-001","ประกาศกรมสวัสดิการและคุ้มครองแรงงาน เรื่อง แบบการแจ้งการดำเนินการหรือส่งเอกสารตามมาตรฐานในการบริหารและการจัดการด้านความปลอดภัยอาชีวอนามัย และสภาพแวดล้อมในการทำงานทางสื่ออิเล็กทรอนิกส์ พ.ศ.2553","ปรับเป็นสอดคล้อง: 3. การแจ้งการดำเนินการหรือส่งเอกสารต่ออธิบดี ผู้ซึ่งอธิบดีมอบหมายหรือพนักงานตรวจ",,"2026-06-08T09:24:50.563488+00:00"
"7","requirement","30","LA-031","กฎกระทรวงการอนุญาตเป็นผู้ชำนาญการด้านความปลอดภัย อาชีวอนามัย และสภาพแวดล้อมในการทำงาน พ.ศ. 2567","ปรับเป็นสอดคล้อง: คุณสมบัติผู้ที่จะขอรับใบอนุญาตเป็นผู้ชำนาญการด้านความปลอดภัย
1. มีสัญชาติไทย
2. ",,"2026-06-10T09:38:15.528729+00:00"
"8","requirement","30","LA-031","กฎกระทรวงการอนุญาตเป็นผู้ชำนาญการด้านความปลอดภัย อาชีวอนามัย และสภาพแวดล้อมในการทำงาน พ.ศ. 2567","ปรับเป็นยังไม่สอดคล้อง: คุณสมบัติผู้ที่จะขอรับใบอนุญาตเป็นผู้ชำนาญการด้านความปลอดภัย
1. มีสัญชาติไทย
2. ",,"2026-06-10T09:38:19.09527+00:00"
"9","screen",,"LE-039","(ตัวอย่าง) ประกาศหลักเกณฑ์การฝึกอบรมความปลอดภัยในการทำงานบนที่สูง","คัดกรอง: เกี่ยวข้องกับองค์กร",,"2026-07-12T10:10:15.491638+00:00"
"10","verify",,"LE-039","","ผ่านการตรวจทาน AI (ดึงถูกฉบับ/สรุปถูกต้อง/ครบถ้วน)",,"2026-07-12T10:32:21.549636+00:00"
"27","requirement","6","LA-006","กฎกระทรวง กำหนดมาตรฐานเกี่ยวกับระบบการจัดการด้านความปลอดภัย พ.ศ. ๒๕๖๕","ปรับเป็นยังไม่สอดคล้อง: ในกรณีที่นายจ้างได้จัดให้มีระบบการจัดการด้านความปลอดภัยตามมาตรฐาน
ผลิตภัณฑ์อุตสา","QA & SHE","2026-07-29T15:04:16.52524+00:00"
"28","requirement","6","LA-006","กฎกระทรวง กำหนดมาตรฐานเกี่ยวกับระบบการจัดการด้านความปลอดภัย พ.ศ. ๒๕๖๕","ปรับเป็นสอดคล้อง: ในกรณีที่นายจ้างได้จัดให้มีระบบการจัดการด้านความปลอดภัยตามมาตรฐาน
ผลิตภัณฑ์อุตสา","QA & SHE","2026-07-29T15:04:17.16732+00:00"
"29","register","1399","LA-044","กฎหมายทดสอบ P18 (ลบได้)","เพิ่มเข้าทะเบียน + ประเมินรายข้อ (ผู้รับผิดชอบ: ทดสอบ P18)","QA & SHE","2026-08-01T06:42:18.038289+00:00"
"32","requirement","30","LA-031","กฎกระทรวงการอนุญาตเป็นผู้ชำนาญการด้านความปลอดภัย อาชีวอนามัย และสภาพแวดล้อมในการทำงาน พ.ศ. 2567","ปรับเป็นสอดคล้อง: คุณสมบัติผู้ที่จะขอรับใบอนุญาตเป็นผู้ชำนาญการด้านความปลอดภัย
1. มีสัญชาติไทย
2. ","QA & SHE","2026-08-02T13:51:39.891732+00:00"
"33","requirement","30","LA-031","กฎกระทรวงการอนุญาตเป็นผู้ชำนาญการด้านความปลอดภัย อาชีวอนามัย และสภาพแวดล้อมในการทำงาน พ.ศ. 2567","ปรับเป็นยังไม่สอดคล้อง: คุณสมบัติผู้ที่จะขอรับใบอนุญาตเป็นผู้ชำนาญการด้านความปลอดภัย
1. มีสัญชาติไทย
2. ","QA & SHE","2026-08-02T13:53:58.017474+00:00"
"34","requirement","30","LA-031","กฎกระทรวงการอนุญาตเป็นผู้ชำนาญการด้านความปลอดภัย อาชีวอนามัย และสภาพแวดล้อมในการทำงาน พ.ศ. 2567","ปรับเป็นสอดคล้อง: คุณสมบัติผู้ที่จะขอรับใบอนุญาตเป็นผู้ชำนาญการด้านความปลอดภัย
1. มีสัญชาติไทย
2. ","QA & SHE","2026-08-02T13:54:03.477598+00:00"
"35","requirement","30","LA-031","กฎกระทรวงการอนุญาตเป็นผู้ชำนาญการด้านความปลอดภัย อาชีวอนามัย และสภาพแวดล้อมในการทำงาน พ.ศ. 2567","ปรับเป็นยังไม่สอดคล้อง: คุณสมบัติผู้ที่จะขอรับใบอนุญาตเป็นผู้ชำนาญการด้านความปลอดภัย
1. มีสัญชาติไทย
2. ","QA & SHE","2026-08-02T13:54:45.010224+00:00"
"36","requirement","30","LA-031","กฎกระทรวงการอนุญาตเป็นผู้ชำนาญการด้านความปลอดภัย อาชีวอนามัย และสภาพแวดล้อมในการทำงาน พ.ศ. 2567","ปรับเป็นสอดคล้อง: คุณสมบัติผู้ที่จะขอรับใบอนุญาตเป็นผู้ชำนาญการด้านความปลอดภัย
1. มีสัญชาติไทย
2. ","QA & SHE","2026-08-02T13:57:46.636606+00:00"
"37","requirement","30","LA-031","กฎกระทรวงการอนุญาตเป็นผู้ชำนาญการด้านความปลอดภัย อาชีวอนามัย และสภาพแวดล้อมในการทำงาน พ.ศ. 2567","ปรับเป็นยังไม่สอดคล้อง: คุณสมบัติผู้ที่จะขอรับใบอนุญาตเป็นผู้ชำนาญการด้านความปลอดภัย
1. มีสัญชาติไทย
2. ","QA & SHE","2026-08-02T13:57:49.082474+00:00"
"38","register","1402","LA-044","กฎกระทรวงควบคุมสถานประกอบกิจการที่เป็นอันตรายต่อสุขภาพ พ.ศ. ๒๕๖๐","เพิ่มเข้าทะเบียน + ประเมินรายข้อ (ผู้รับผิดชอบ: Safety) (จาก AI สรุป — ผู้ใช้ตรวจทานแล้ว)","QA & SHE","2026-08-13T03:51:55.93844+00:00"
"39","duplicate_override","1402","LA-044","กฎกระทรวงควบคุมสถานประกอบกิจการที่เป็นอันตรายต่อสุขภาพ พ.ศ. ๒๕๖๐","ยืนยันเพิ่มทั้งที่ระบบเตือนว่าอาจซ้ำกับ LA-005 (คล้าย 97%)","QA & SHE","2026-08-13T03:51:56.03595+00:00"
