"id","code","cat","ministry","name","issue_date","status","review_date","created_at","updated_at","law_type","hierarchy_level","repeal_date","repeal_reason","replaced_by_code","repealed_by_authority","effective_date","doc_list","source_url","active","responsible","report_due_date","ai_summary","ai_summary_at","gazette_ref"
"25","LA-026","LA","กระทรวงสาธารณสุข","ประกาศกระทรวงสาธารณสุข เรื่อง การแจ้งและการรายงานในกรณีพบผู้ซึ่งเป็นหรือมีเหตุอันควรสงสัยว่าเป็น โรคจากการประกอบอาชีพหรือโรคจากสิ่งแวดล้อม พ.ศ. ๒๕๖๕","19/12/2565","ok","2026-03-31","2026-06-05T17:44:56.542233+00:00","2026-07-31T15:18:29.978977+00:00",,"5",,,,,,,,"true",,,,,
"30","LA-031","LA","กระทรวงแรงงาน","กฎกระทรวงการอนุญาตเป็นผู้ชำนาญการด้านความปลอดภัย อาชีวอนามัย และสภาพแวดล้อมในการทำงาน พ.ศ. 2567","14/11/2567","bad","2026-06-30","2026-06-05T17:44:56.542233+00:00","2026-08-02T13:57:48.841+00:00",,"5",,,,,"12/05/2568",,,"true",,,,,
"20","LA-020","LA",,"ประกาศกรมสวัสดิการและคุ้มครองแรงงานเรื่องกำหนดแบบแจ้งการเกิดอุบัติภัย ร้ายแรง หรือการประสบอันตรายจากการ ทำงาน   พ.ศ. 2554","19/10/2554","ok","2026-12-31","2026-06-05T17:44:56.542233+00:00","2026-07-11T12:39:14.098872+00:00",,"5",,,,,"19/10/2554",,,"true",,,,,
"22","LA-023","LA","กระทรวงแรงงาน","ประกาศกรมสวัสดิการและคุ้มครองแรงงาน เรื่อง การฝึกอบรมหรือการพัฒนาความรู้ของเจ้าหน้าที่ความปลอดภัยในการทำงานระดับเทคนิค ระดับเทคนิคขั้นสูง และระดับวิชาชีพ เกี่ยวกับความปลอดภัยในการทำงาน","26/10/2565","ok","2026-06-30","2026-06-05T17:44:56.542233+00:00","2026-07-11T12:39:14.098872+00:00",,"5",,,,,"27/10/2565",,,"true",,,,,
"23","LA-024","LA","กระทรวงแรงงาน","ประกาศกรมสวัสดิการและคุ้มครองแรงงาน เรื่อง แบบรายงานผลการดำเนินงานของเจ้าหน้าที่ความปลอดภัยในการทำงานระดับเทคนิค ระดับเทคนิคขั้นสูง และระดับวิชาชีพ","06/10/2565","ok","2026-09-30","2026-06-05T17:44:56.542233+00:00","2026-07-11T12:39:14.098872+00:00",,"5",,,,,,,,"true",,,,,
"24","LA-025","LA","กระทรวงแรงงาน","ประกาศกรมสวัสดิการและคุ้มครองแรงงาน เรื่อง การแจ้งการขึ้นทะเบียน การพ้นจากตำแหน่งหรือพ้นจากหน้าที่ของเจ้าหน้าที่ความปลอดภัยในการทำงาน และผู้บริหารหน่วยงานความปลอดภัย","06/10/2565","ok","2026-12-31","2026-06-05T17:44:56.542233+00:00","2026-07-11T12:39:14.098872+00:00",,"5",,,,,,,,"true",,,,,
"26","LA-027","LA","กระทรวงแรงงาน","ประกาศกรมสวัสดิการและคุ้มครองแรงงาน
เรื่อง หลักสูตรการฝึกอบรม คุณสมบัติวิทยากร และการดำเนินการฝึกอบรมเจ้าหน้าที่ความปลอดภัย
ในการทำางานระดับหัวหน้างานและระดับบริหาร","27/02/2566","ok","2026-06-30","2026-06-05T17:44:56.542233+00:00","2026-07-11T12:39:14.098872+00:00",,"5",,,,,"28/02/2566",,,"true",,,,,
"27","LA-028","LA","กระทรวงแรงงาน","ประกาศกรมสวัสดิการและคุ้มครองแรงงาน เรื่อง หลักสูตรการฝึกอบรม คุณสมบัติวิทยากร และการดำเนินการฝึกอบรมคณะกรรมการความปลอดภัย อาชีวอนามัย และสภาพแวดล้อมในการทำงานของสถานประกอบกิจการ และผู้บริหารหน่วยงานความปลอดภัย","30/03/2566","ok","2026-09-30","2026-06-05T17:44:56.542233+00:00","2026-07-11T12:39:14.098872+00:00",,"5",,,,,"31/03/2566",,,"true",,,,,
"28","LA-029","LA","กระทรวงแรงงาน","ประกาศกรมสวัสดิการและคุ้มครองแรงงาน เรื่อง  การแจ้งกำหนดการให้บริการ  และการรายงานสรุปผลการให้บริการด้านความปลอดภัย     อาชีวอนามัย  และสภาพแวดล้อมในการทำงาน  ของผู้รับใบสำคัญและผู้รับใบอนุญาต","07/09/2566","ok","2026-12-31","2026-06-05T17:44:56.542233+00:00","2026-07-11T12:39:14.098872+00:00",,"5",,,,,"08/09/2566",,,"true",,,,,
"29","LA-030","LA","กระทรวงแรงงาน","ประกาศกรมสวัสดิการและคุ้มครองแรงงาน เรื่อง หลักเกณฑ์ วิธีการ และเงื่อนไขการฝึกอบรมผู้บริหาร หัวหน้างาน และลูกจ้างด้านความปลอดภัย อาชีวอนามัย และสภาพแวดล้อม ในการทำงาน (ฉบับที่ 2)","26/09/2566","ok","2026-03-31","2026-06-05T17:44:56.542233+00:00","2026-07-11T12:39:14.098872+00:00",,"5",,,,,"27/09/2566",,,"true",,,,,
"31","LA-032","LA","กระทรวงแรงงาน","ประกาศกระทรวงแรงงาน เรื่อง การประเมินอันตราย การศึกษาผลกระทบของสภาพแวดล้อมในการทำงานและการจัดทำแผนควบคุมดูแลลูกจ้างและสถานประกอบกิจการ","22/11/2567","bad","2026-06-30","2026-06-05T17:44:56.542233+00:00","2026-07-11T12:39:14.098872+00:00",,"5",,,,,"23/05/2568",,,"true",,,,,
"33","LA-034","LA","กระทรวงอุตสาหกรรม","ประกาศกระทรวงอุตสาหกรรม เรื่อง กำหนดมาตรฐานผลิตภัณฑ์อุตสาหกรรม เครื่องดับเพลิงยกหิ้ว : คาร์บอนไดออกไซด์ พ.ศ.2568","21/01/2568","ok","2026-03-31","2026-06-05T17:44:56.542233+00:00","2026-07-11T12:39:14.098872+00:00",,"5",,,,,"20/05/2568",,,"true",,,,,
"49","LB-013","LB","การไฟฟ้าส่วนภูมิภาค","PEA  ระเบียบการไฟฟ้าส่วนภูมิภาค ว่าด้วยหลักเกณฑ์การพาดสายและหรือติดตั้งสายสื่อสารโทรคมนาคมบนเสาการไฟฟ้าส่วนภูมิภาค 2566","01/11/2566","ok","2026-03-31","2026-06-05T17:44:56.542233+00:00","2026-07-31T15:18:29.978977+00:00",,"5",,,,,,,,"true",,,,,
"52","LB-017","LB","กระทรวงพลังงาน","กฎกระทรวงสถานที่เก็บรักษาน้ำมัน พ.ศ. 2567

ยกเลิก
1. กฎกระทรวงสถานที่เก็บรักษาน้ำมันเชื้อเพลิง พ.ศ. 2551
2. กฎกระทรวงสถานที่เก็บรักษาน้ำมันเชื้อเพลิง (ฉบับที่ 2) พ.ศ. 2560","22/02/2567","ok","2026-12-31","2026-06-05T17:44:56.542233+00:00","2026-07-31T15:18:29.978977+00:00",,"5",,,,,,,,"true",,,,,
"58","LC-001","LC","กระทรวงอุตสาหกรรม","ประกาศกระทรวงอุตสาหกรรม
เรื่อง การป้องกันและระงับอัคคีภัยในโรงงาน
พ.ศ. 2552  (หน่วยงานบังคับใช้: กระทรวงแรงงาน/กรมสวัสดินการและคุ้มครองแรงงาน)","30/09/2552","ok","2026-06-30","2026-06-05T17:44:56.542233+00:00","2026-07-31T15:18:29.978977+00:00",,"5",,,,,,,,"true",,,,,
"7","LA-007","LA",,"กฎกระทรวง การจัดให้มีเจ้าหน้าที่ความปลอดภัยในการทำงาน บุคลากร หน่วยงาน หรือคณะบุคคลเพื่อดำเนินการด้านความปลอดภัย ในสถานประกอบกิจการ พ.ศ. 2565","17/06/2565","ok","2026-09-30","2026-06-05T17:44:56.542233+00:00","2026-07-11T12:39:14.098872+00:00",,"5",,,,,"17/08/2565",,,"true",,,,,
"8","LA-008","LA","กระทรวงแรงงาน","ประกาศกรมสวัสดิการและคุ้มครองแรงงาน เรื่อง สัญลักษณ์เตือนอันตราย เครื่องหมายเกี่ยวกับความปลอดภัย อาชีวอนามัย และสภาพแวดล้อมในการทำงาน และข้อความแสดงสิทธิและหน้าที่ของนายจ้างและลูกจ้าง พ.ศ. 2554","30/11/2554","ok","2026-12-31","2026-06-05T17:44:56.542233+00:00","2026-07-11T12:39:14.098872+00:00",,"5",,"ยกเลิก/แทนที่ตามทะเบียน F-259 (กฎหมายที่ยกเลิก)","LA-039",,"30/11/2554",,,"true",,,,,
"34","LA-035","LA","กระทรวงสาธารณสุข","ประกาศกรมควบคุมโรค เรื่อง กำหนดแบบการแจ้ง การรับแจ้ง การรายงาน และวิธีการแจ้งและการรายงานเพิ่มเติม ในกรณีพบผู้ซึ่งเป็นหรือมีเหตุอันควรสงสัยว่าเป็นโรคจากการประกอบอาชีพหรือโรคจากสิ่งแวดล้อม พ.ศ. 2568 (กฏหมายฉบับเพิ่มเติม)","01/10/2568","ok","2026-06-30","2026-06-05T17:44:56.542233+00:00","2026-07-11T12:39:14.098872+00:00",,"5",,,,,"02/10/2568",,,"true",,,,,
"35","LA-036","LA","กระทรวงสาธารณสุข","ประกาศกระทรวงสาธารณสุข เรื่อง ชื่อหรืออาการสำคัญของโรคจากการประกอบอาชีพ พ.ศ. 2568","31/10/2568","ok","2026-09-30","2026-06-05T17:44:56.542233+00:00","2026-07-11T12:39:14.098872+00:00",,"5",,,,,"01/11/2568",,,"true",,,,,
"36","LA-037","LA","กระทรวงสาธารณสุข","ประกาศกระทรวงสาธารณสุข เรื่อง ชื่อหรืออาการสำคัญของโรคจากสิ่งแวดล้อม  พ.ศ. 2568","31/10/2568","ok","2026-12-31","2026-06-05T17:44:56.542233+00:00","2026-07-11T12:39:14.098872+00:00",,"5",,,,,"01/11/2568",,,"true",,,,,
"37","LA-038","LA","กระทรวงทรัพยากรธรรมชาติและสิ่งแวดล้อม","ประกาศคณะกรรมการสิ่งแวดล้อมแห่งชาติ เรื่อง กำหนดมาตรฐานคุณภาพอากาศในบรรยากาศโดยทั่วไป พ.ศ. 2569","21/01/2569","ok","2026-03-31","2026-06-05T17:44:56.542233+00:00","2026-07-11T12:39:14.098872+00:00",,"5",,,,,,,,"true",,,,,
"147","LA-039","LA","สวัสดิการและคุ้มครองแรงงาน","ประกาศกรมสวัสดิการและคุ้มครองแรงงาน เรื่อง ข้อความแสดงสิทธิและหน้าที่ของนายจ้างและลูกจ้าง สัญลักษณ์เตือนอันตราย และเครื่องหมายเกี่ยวกับความปลอดภัย อาชีวอนามัย และสภาพแวดล้อมในการทำงาน","01/05/2569","ok",,"2026-07-09T04:50:53.966074+00:00","2026-07-11T12:39:14.098872+00:00",,"5",,,,,"01/07/2569",,,"true",,,,,
"148","LA-040","LA","สวัสดิการและคุ้มครองแรงงาน","ประกาศกรมสวัสดิการและคุ้มครองแรงงาน เรื่อง แบบคำขอ ใบรับคำขอ ใบอนุญาต และใบแทนใบอนุญาตเป็นผู้ชำนาญการด้านความปลอดภัย อาชีวอนามัย และสภาพแวดล้อมในการทำงาน","01/05/2569","bad",,"2026-07-09T04:50:53.966074+00:00","2026-07-11T12:39:14.098872+00:00",,"5",,,,,"01/07/2569",,,"true",,,,,
"149","LA-041","LA","สวัสดิการและคุ้มครองแรงงาน","ประกาศกรมสวัสดิการและคุ้มครองแรงงาน เรื่อง หลักสูตรการฝึกอบรม คุณสมบัติของวิทยากร การดำเนินการฝึกอบรม และการประเมินผู้ชำนาญการด้านความปลอดภัย อาชีวอนามัย และสภาพแวดล้อมในการทำงาน","01/05/2569","bad",,"2026-07-09T04:50:53.966074+00:00","2026-07-11T12:39:14.098872+00:00",,"5",,,,,"01/07/2569",,,"true",,,,,
"77","LD-009","LD","กระทรวงแรงงาน","ประกาศกรมสวัสดิการและคุ้มครองแรงงาน เรื่อง การคำนวณระดับเสียงที่สัมผัสในหูเมื่อสวมใส่อุปกรณ์คุ้มครองความปลอดภัยส่วนบุคคล","14/02/2561","ok","2026-03-31","2026-06-05T17:44:56.542233+00:00","2026-07-11T12:39:14.098872+00:00",,"5",,,,,"15/02/2561",,,"true",,,,,
"19","LA-019","LA",,"พระราชบัญญัติเงินทดแทน (ฉบับที่ 2) พ.ศ. 2561",,"ok","2026-09-30","2026-06-05T17:44:56.542233+00:00","2026-07-11T12:39:14.098872+00:00",,"5",,,,,,,,"true",,,,,
"65","LC-008","LC","กระทรวงแรงงาน","กฎกระทรวง กำหนดมาตรฐานในการบริหาร จัดการ และดำเนินการด้านความปลอดภัย อาชีวอนามัย และสภาพแวดล้อมในการทำงานเกี่ยวกับการป้องกันและระงับอัคคีภัย (ฉบับที่ 2) พ.ศ. 2561","15/08/2561","ok","2026-03-31","2026-06-05T17:44:56.542233+00:00","2026-07-31T15:18:29.978977+00:00",,"5",,,,,,,,"true",,,,,
"32","LA-033","LA","กระทรวงแรงงาน","ประกาศกรมสวัสดิการและคุ้มครองแรงงาน เรื่อง การเทียบเท่าวุฒิการศึกษาไม่ต่ำกว่าปริญญาตรีสาขาอาชีวอนามัยและความปลอดภัย​ พ.ศ.2568","09/01/2568","ok","2026-12-31","2026-06-05T17:44:56.542233+00:00","2026-07-11T12:39:14.098872+00:00",,"5",,,,,"10/01/2568",,,"true",,,,,
"150","LA-042","LA","สวัสดิการและคุ้มครองแรงงาน","ประกาศกรมสวัสดิการและคุ้มครองแรงงาน เรื่อง แบบแจ้งกำหนดการ และแบบรายงานสรุปผลการปฏิบัติงานของผู้ชำนาญการด้านความปลอดภัย อาชีวอนามัย และสภาพแวดล้อมในการทำงาน","01/05/2569","bad",,"2026-07-09T04:50:53.966074+00:00","2026-07-11T12:39:14.098872+00:00",,"5",,,,,"02/05/2569",,,"true",,,,,
"151","LA-043","LA","สาธารณสุข","ประกาศกระทรวงสาธารณสุข เรื่อง ชื่อและอาการสำคัญของโรคติดต่ออันตราย (ฉบับที่ 5) พ.ศ. 2569","15/05/2569","ok",,"2026-07-09T04:50:53.966074+00:00","2026-07-11T12:39:14.098872+00:00",,"5",,,,,"16/05/2569",,,"true",,,,,
"40","LB-003","LB",,"ประกาศคณะกรรมการส่งเสริมการพัฒนาฝีมือแรงงาน เรื่อง วิธีการทดสอบมาตรฐานฝีมือแรงงาน และการออกหนังสือรับรองว่าเป็นผู้ผ่านการทดสอบ มาตรฐานฝีมือแรงงานแห่งชาติ สาขาอาชีพช่างไฟฟ้า เล็กทรอนิกส์และคอมพิวเตอร์ สาขาช่างไฟฟ้าภายในอาคารระดับ 1","23/12/2552","ok","2026-12-31","2026-06-05T17:44:56.542233+00:00","2026-07-11T12:39:14.098872+00:00",,"5",,,,,,,,"true",,,,,
"41","LB-004","LB","กระทรวงอุตสาหกรรม","ประกาศกระทรวงอุตสาหกรรม  ฉบับที่ 4474  (พ.ศ. 2555)  ออกตามความในพระราชบัญญัติมาตรฐานผลิตภัณฑ์อุตสาหกรรม  พ.ศ. 2511 เรื่อง กำหนดมาตรฐานผลิตภัณฑ์อุตสาหกรรม  เต้าเสียบและเต้ารับสำหรับใช้ในที่อยู่อาศัยและงานทั่วไปที่มีจุดประสงค์คล้ายกัน : เต้ารับ  ประกาศ : 16 มกราคม 2556","16/01/2556","ok","2026-03-31","2026-06-05T17:44:56.542233+00:00","2026-07-11T12:39:14.098872+00:00",,"5",,,,,,,,"true",,,,,
"42","LB-005","LB","กระทรวงพลังงาน","กฎกระทรวงกำหนดหลักเกณฑ์ วิธีการและเงื่อนไขเกี่ยวกับการแจ้ง การอนุญาตและอัตราค่าธรรมเนียมเกี่ยวกับการประกอบกิจการน้ำมันเชื้อเพลิง พ.ศ.2556","27/03/2556","ok","2026-06-30","2026-06-05T17:44:56.542233+00:00","2026-07-11T12:39:14.098872+00:00",,"5",,,,,"27/09/2556",,,"true",,,,,
"43","LB-006","LB","กระทรวงแรงงาน","กฎกระทรวงกำหนดมาตรฐานในการบริหาร จัดการ และดำเนินการด้านความปลอดภัย อาชีวอนามัยและสภาพแวดล้อมในการทำงานเกี่ยวกับไฟฟ้าพ.ศ. 2558
กฎกระทรวงกำหนด มาตรฐานในการบริหารและการจัดการด้านความ ปลอดภัย อาชีวอนามัยและสภาพแวดล้อมในการทำงานเกี่ยวกับไฟฟ้าพ.ศ. 2554
ประกาศใช้:21 มกราคม2554 บังคับใช้:21กรกฎาคม 2554","06/02/2558","ok","2026-09-30","2026-06-05T17:44:56.542233+00:00","2026-07-11T12:39:14.098872+00:00",,"5",,,,,,,,"true",,,,,
"57","LB-007","LB","กระทรวงแรงงาน","ประกาศกรมสวัสดิการ หลักเกณฑ์ วิธีการ และเงื่อนไขการจัดทำบันทึกผลการตรวจสอบและรับรองระบบไฟฟ้าและบริภัณฑ์ไฟฟ้า 2558","30/12/2558","repealed","2026-03-31","2026-06-05T17:44:56.542233+00:00","2026-07-11T12:39:14.098872+00:00",,"5",,"ตรวจไฟฟ้าเป็นไปตามแผน",,,,,,"true",,,,,
"44","LB-008","LB","กระทรวงแรงงาน","ประกาศกระทรวงแรงงาน เรื่อง กำหนดสาขาอาชีพ ที่อาจเป็นอันตรายต่อสาธารณะ
ซึ่งต้องดำเนินการโดยผู้ได้รับหนังสือรับรองความรู้ความสามารถ","27/10/2558","ok","2026-12-31","2026-06-05T17:44:56.542233+00:00","2026-07-11T12:39:14.098872+00:00",,"5",,,,,,,,"true",,,,,
"45","LB-009","LB","กระทรวงแรงงาน","ประกาศกรมสวัสดิการและคุ้มครองแรงงาน เรื่อง หลักเกณฑ์ วิธีการ และเงื่อนไขการฝึกอบรมความปลอดภัยในการทำงานเกี่ยวกับไฟฟ้า สำหรับลูกจ้างซึ่งปฏิบัติงานเกี่ยวกับไฟฟ้า 2558

ประกาศกรมสวัสดิการและคุ้มครองแรงงาน เรื่อง หลักเกณฑ์ วิธีการ และเงื่อนไขการฝึกอบรมความปลอดภัยในการทำงานเกี่ยวกับไฟฟ้าสำหรับลูกจ้างซึ่งปฏิบัติงานเกี่ยวกับไฟฟ้า (ฉบับที่ 2) 2559","30 ธันวาคม 2558 และฉบับที่ 2 : 29 พฤศจิกายน 2559","ok","2026-03-31","2026-06-05T17:44:56.542233+00:00","2026-07-11T12:39:14.098872+00:00",,"5",,,,,,,,"true",,,,,
"48","LB-012","LB","การไฟฟ้านครหลวง","MEA หลักเกณฑ์การติดตั้งสายสื่อสารบนเสาการไฟฟ้านครหลวง 2566","28/06/2566","ok","2026-12-31","2026-06-05T17:44:56.542233+00:00","2026-07-31T15:18:29.978977+00:00",,"5",,,,,,,,"true",,,,,
"46","LB-010","LB","กระทรวงแรงงาน","ประกาศกรมสวัสดิการและคุ้มครองแรงงาน เรื่อง หลักเกณฑ์ วิธีการ และเงื่อนไขการฝึกอบรมความปลอดภัยในการทำงานเกี่ยวกับไฟฟ้า สำหรับลูกจ้างซึ่งปฏิบัติงานเกี่ยวกับไฟฟ้า 
(ฉบับที่ 2)","24/12/2558","ok","2026-06-30","2026-06-05T17:44:56.542233+00:00","2026-07-11T12:39:14.098872+00:00",,"5",,,,,,,,"true",,,,,
"47","LB-011","LB","กรมพัฒนาพลังงานทดแทนและอนุรักษ์พลังงาน กระทรวงพลังงาน","ประกาศ กรมพัฒนาและส่งเสริมพลังงาน พ.ศ. 2535 เรื่อง การมีเครื่องกำเนิดไฟฟ้าอยู่ในครอบครอง","31/03/2559","ok","2026-09-30","2026-06-05T17:44:56.542233+00:00","2026-07-11T12:39:14.098872+00:00",,"5",,,,,,,,"true",,,,,
"56","LB-014","LB","กระทรวงพลังงาน","กฎกระทรวงสถานที่เก็บรักษาน้ำมันเชื้อเพลิง (ฉบับที่ 2) พ.ศ. 2560","12/10/2560","repealed","2026-12-31","2026-06-05T17:44:56.542233+00:00","2026-07-11T12:39:14.098872+00:00",,"5",,"-แผนการตรวจสอบถังน้ำมัน ต.ค. 67 ตาม Memo No.	
DO 67/01380",,,,,,"true",,,,,
"50","LB-015","LB","พัฒนาฝีมือแรงงาน","ประกาศคณะกรรมการส่งเสริมการพัฒนาฝีมือแรงงาน เรื่อง คุณสมบัติของผู้เข้ารับการทดสอบ สาขาอาชีพช่างไฟฟ้า อิเล็กทรอนิกส์และคอมพิวเตอร์ สาขาช่างไฟฟ้าภายในอาคาร","08/03/2562","ok","2026-06-30","2026-06-05T17:44:56.542233+00:00","2026-07-11T12:39:14.098872+00:00",,"5",,,,,,,,"true",,,,,
"51","LB-016","LB","พัฒนาฝีมือแรงงาน","ประกาศคณะกรรมการส่งเสริมการพัฒนาฝีมือแรงงาน เรื่อง วิธีการทดสอบมาตรฐานฝีมือแรงงานแห่งชาติ และการออกหนังสือรับรองว่าเป็นผู้ผ่านการทดสอบมาตรฐานฝีมือแรงงานแห่งชาติ สาขาอาชีพช่างไฟฟ้า อิเล็กทรอนิกส์และคอมพิวเตอร์ สาขาช่างไฟฟ้าภายในอาคาร ระดับ 2","27/09/2565","ok","2026-09-30","2026-06-05T17:44:56.542233+00:00","2026-07-11T12:39:14.098872+00:00",,"5",,,,,,,,"true",,,,,
"53","LB-018","LB","กระทรวงพลังงาน","ประกาศกรมธุรกิจพลังงาน เรื่อง การลงทะเบียนใช้งานระบบรับแจ้งและอนุญาตให้ประกอบกิจการตามกฎหมายว่าด้วยการควบคุมน้ำมันเชื้อเพลิงโดยวิธีการทางอิเล็กทรอนิกส์ (SAFETY) พ.ศ. 2567 
(ลงประกาศ 19 มิถุนายน 2567)","04/06/2567","ok","2026-03-31","2026-06-05T17:44:56.542233+00:00","2026-07-11T12:39:14.098872+00:00",,"5",,,,,,,,"true",,,,,
"54","LB-019","LB","กระทรวงแรงงาน","ประกาศกรมสวัสดิการและคุ้มครองแรงงาน เรื่อง หลักเกณฑ์ วิธีการ และเงื่อนไขการจัดทำบันทึกผลการตรวจสอบและรับรองระบบไฟฟ้าและบริภัณฑ์ไฟฟ้า​ พ.ศ.2568","13/01/2568","ok","2026-06-30","2026-06-05T17:44:56.542233+00:00","2026-07-11T12:39:14.098872+00:00",,"5",,,,,"14/01/2568",,,"true",,,,,
"59","LC-002","LC","กระทรวงอุตสาหกรรม","ประกาศกระทรวงอุตสาหกรรม ฉบับที่ 4411 (พ.ศ. 2555) ออกตามความในพระราชบัญญัติมาตรฐานผลิตภัณฑ์ อุตสาหกรรม พ.ศ. 2511 เรื่อง กำหนดมาตรฐานผลิตภัณฑ์ อุตสาหกรรม การจัดการหน่วยดับเพลิงสำหรับสถานประกอบการ","03/04/2555","ok","2026-09-30","2026-06-05T17:44:56.542233+00:00","2026-07-11T12:39:14.098872+00:00",,"5",,,,,,,,"true",,,,,
"60","LC-003","LC","กระทรวงแรงงาน","กฎกระทรวง กำหนดมาตรฐานในการบริหาร จัดการ และดำเนินการด้านความปลอดภัย อาชีวอนามัย และสภาพแวดล้อมในการทำงานเกี่ยวกับการป้องกันและระงับอัคคีภัย พ.ศ. ๒๕๕๕","09/01/2556","ok","2026-12-31","2026-06-05T17:44:56.542233+00:00","2026-07-11T12:39:14.098872+00:00",,"5",,,,,,,,"true",,,,,
"64","LC-007","LC","กระทรวงอุตสาหกรรม","ประกาศกระทรวงอุตสาหกรรม ฉบับที่ 4887 (พ.ศ. 2559) 
ออกตามความในระราชบัญญัติมาตรฐานผลิตภัณฑ์อุตสาหกรรม พ.ศ. 2511 เรื่อง กำหนดมาตรฐานผลิตภัณฑ์
อุตสาหกรรม ข้อกำหนดในการป้องกันอัคคีภัย เล่ม 7 ศูนย์สั่งการดับเพลิงในอาคาร","15/12/2559","ok","2026-12-31","2026-06-05T17:44:56.542233+00:00","2026-07-31T15:18:29.978977+00:00",,"5",,,,,,,,"true",,,,,
"61","LC-004","LC","กระทรวงแรงงาน","ประกาศกรมสวัสดิการและคุ้มครองแรงงาน เรื่อง กำหนดมาตรฐานเครื่องดับเพลิงแบบเคลื่อนย้ายได้","12/03/2556","ok","2026-03-31","2026-06-05T17:44:56.542233+00:00","2026-07-11T12:39:14.098872+00:00",,"5",,,,,,,,"true",,,,,
"62","LC-005","LC",,"ประกาศกรมสวัสดิการและคุ้มครองแรงงาน เรื่อง กำหนดแบบรายงานผลการฝึกซ้อมดับเพลิงและฝึกซ้อมอพยพหนีไฟ","12/03/2556","ok","2026-06-30","2026-06-05T17:44:56.542233+00:00","2026-07-11T12:39:14.098872+00:00",,"5",,,,,,,,"true",,,,,
"63","LC-006","LC",,"ประกาศกรมสวัสดิการและคุ้มครองแรงงาน เรื่อง กำหนดแบบและวิธีการรายงานผลการฝึกซ้อมดับเพลิงและฝึกซ้อมอพยพ
หนีไฟทางสื่ออิเล็กทรอนิกส์","05/10/2559","ok","2026-09-30","2026-06-05T17:44:56.542233+00:00","2026-07-11T12:39:14.098872+00:00",,"5",,,,,,,,"true",,,,,
"66","LC-009","LC","กระทรวงอุตสาหกรรม","ประกาศกระทรวงอุตสาหกรรม ฉบับที่ 5404 (พ.ศ. 2562) ออกตามความในพระราชบัญญัติมาตรฐานผลิตภัณฑ์อุตสาหกรรม พ.ศ. 2511 เรื่อง กำหนดมาตรฐานผลิตภัณฑ์อุตสาหกรรมข้อกำหนดในการป้องกันอัคคีภัย เล่ม 8 การติดตั้งระบบส่งน้ำดับเพลิง","06/01/2563","ok","2026-06-30","2026-06-05T17:44:56.542233+00:00","2026-07-11T12:39:14.098872+00:00",,"5",,,,,,,,"true",,,,,
"67","LC-010","LC","กระทรวงแรงงาน","กฎกระทรวงการขึ้นทะเบียนและการอนุญาตให้บริการเพื่อส่งเสริมความปลอดภัย
อาชีวอนามัย และสภาพแวดล้อมในการท างาน
พ.ศ. ๒๕๖๔
ยกเลิกกฎกระทรวง
การเป็นหน่วยงานฝึกอบรมการดับเพลิงขั้นต้น
และการเป็นหน่วยงานฝึกซ้อมดับเพลิงและฝึกซ้อมอพยพหนีไฟ พ.ศ.2556","19/03/2564","ok","2026-09-30","2026-06-05T17:44:56.542233+00:00","2026-07-11T12:39:14.098872+00:00",,"5",,,,,"26/09/2564",,,"true",,,,,
"68","LC-011","LC","กระทรวงอุตสาหกรรม","กฎกระทรวง ฉบับที่ 69 (พ.ศ. 2564) ออกตามความในพระราชบัญญัติควบคุมอาคาร พ.ศ. 2522","04/06/2564","ok","2026-12-31","2026-06-05T17:44:56.542233+00:00","2026-07-11T12:39:14.098872+00:00",,"5",,,,,"04/12/2564",,,"true",,,,,
"69","LD-001","LD","กระทรวงแรงงาน","กฎกระทรวงกำหนดมาตรฐานในการบริหาร จัดการ และดําเนินการด้านความปลอดภัย อาชีวอนามัย
และสภาพแวดล้อมในการทำงานเกี่ยวกับความร้อน แสงสว่าง และเสียง พ.ศ. ๒๕๕๙","17/10/2559","ok","2026-03-31","2026-06-05T17:44:56.542233+00:00","2026-07-11T12:39:14.098872+00:00",,"5",,,,,,,,"true",,,,,
"73","LD-005","LD","อุตสาหกรรม","ประกาศกระทรวง   อุตสาหกรรม เรื่องกำหนดค่าระดับเสียงการรบกวนและระดับเสียงที่เกิดจากการประกอบกิจการโรงงาน      พ.ศ. 2548","25/01/2549","ok","2026-03-31","2026-06-05T17:44:56.542233+00:00","2026-07-11T12:39:14.098872+00:00",,"5",,,,,"26/01/2549",,,"true",,,,,
"74","LD-006","LD","อุตสาหกรรม","ประกาศกรมโรงงานอุตสาหกรรม เรื่อง วิธีการตรวจวัดระดับเสียงการรบกวน ระดับเสียงเฉลี่ย 24 ชั่วโมง และระดับเสียงสูงสุดที่เกิดจากการประกอบกิจการ โรงงาน  พ.ศ. 2553","07/01/2554","ok","2026-06-30","2026-06-05T17:44:56.542233+00:00","2026-07-11T12:39:14.098872+00:00",,"5",,,,,"08/01/2554",,,"true",,,,,
"75","LD-007","LD","กระทรวงสาธารณสุข","ประกาศกระทรวงสาธารณสุข เรื่อง กำหนดค่ามาตรฐานมลพิษทางเสียงอันเกิดจากการประกอบกิจการที่เป็นอันตรายต่อสุขภาพ พ.ศ. 2561","07/12/2561","ok","2026-09-30","2026-06-05T17:44:56.542233+00:00","2026-07-11T12:39:14.098872+00:00",,"5",,,,,"08/12/2561",,,"true",,,,,
"70","LD-002","LD","แรงงาน","ประกาศกรมสวัสดิการและคุ้มครองแรงงาน
เรื่อง หลักเกณฑ์ วิธีการตรวจวัด และการวิเคราะห์สภาวะการทำงานเกี่ยวกับระดับความร้อน แสงสว่าง หรือเสียง รวมทั้งระยะเวลาและประเภทกิจการที่ต้องดำเนินการ","11/01/2565","ok","2026-06-30","2026-06-05T17:44:56.542233+00:00","2026-07-31T15:18:29.978977+00:00",,"5",,,,,,,,"true",,,,,
"76","LD-008","LD","กระทรวงแรงงาน","ประกาศกรมสวัสดิการและคุ้มครองแรงงาน เรื่อง มาตรฐานความเข้มของแสงสว่าง","21/02/2561","ok","2026-12-31","2026-06-05T17:44:56.542233+00:00","2026-07-11T12:39:14.098872+00:00",,"5",,,,,"22/02/2561",,,"true",,,,,
"89","LE-007","LE","แรงงาน","กฎกระทรวงกำหนดมาตรฐานในการบริหาร จัดการ และดำเนินการด้านความปลอดภัย อาชีวอนามัย และสภาพแวดล้อมในการทำงานเกี่ยวกับที่อับอากาศ พ.ศ. 2562","15/02/2562","ok","2026-03-31","2026-06-05T17:44:56.542233+00:00","2026-07-31T15:18:29.978977+00:00",,"5",,,,,,,,"true",,,,,
"11","LA-011","LA","กระทรวงแรงงาน","ประกาศกระทรวงอุตสาหกรรมฉบับที่ 2 (พ.ศ.2513) ออกตามความในพระราชบัญญัติโรงงาน พ.ศ. 2512",,"ok","2026-09-30","2026-06-05T17:44:56.542233+00:00","2026-07-11T12:39:14.098872+00:00",,"5",,,,,,,,"true",,,,,
"12","LA-012","LA","กระทรวงแรงงาน","กฎกระทรวง  ว่าด้วยการจัดสวัสดิการในสถานประกอบกิจการ  พ.ศ. 2548            ประกาศ :29  มีนาคม  2548บังคับใช้ :25  กันยายน  2548",,"ok","2026-12-31","2026-06-05T17:44:56.542233+00:00","2026-07-11T12:39:14.098872+00:00",,"5",,,,,,,,"true",,,,,
"14","LA-014","LA",,"กฎกระทรวงฉบับที่ 2 (พ.ศ. 2541) ออกตามความในพระราชบัญญัติคุ้มครอง แรงงาน พ.ศ. 2541             ประกาศ : 19 สิงหาคม 2541บังคับใช้ : 19 สิงหาคม 2541",,"ok","2026-06-30","2026-06-05T17:44:56.542233+00:00","2026-07-11T12:39:14.098872+00:00",,"5",,,,,,,,"true",,,,,
"17","LA-017","LA",,"ประกาศกระทรวง อุตสาหกรรมฉบับที่ 4386  (พ.ศ. 2554) ออกตามความในพระราชบัญญัติมาตรฐานผลิตภัณฑ์อุตสาหกรรม พ.ศ. 2511 เรื่อง ยกเลิกมาตรฐานผลิตภัณฑ์อุตสาหกรรม        สีและเครื่องหมายเพื่อความปลอดภัยเล่ม 1 สีและรูปแบบ เล่ม 2 สมบัติทางสีและแสงของวัสดุและกำหนด มาตรฐานผลิตภัณฑ์ อุตสาหกรรมสีและ เครื่องหมายเพื่อความ ปลอดภัย                   ประกาศ : 1 มีนาคม 2555      บังคับใช้ : 1 มีนาคม 2555",,"ok","2026-03-31","2026-06-05T17:44:56.542233+00:00","2026-07-11T12:39:14.098872+00:00",,"5",,,,,,,,"true",,,,,
"18","LA-018","LA",,"ประกาศกระทรวงอุตสาหกรรม ฉบับที่ 4429 (พ.ศ. 2555) ออกตามความในพระราชบัญญัติมาตรฐานผลิตภัณฑ์ อุตสาหกรรม พ.ศ. 2511 เรื่อง กำหนดมาตรฐานผลิตภัณฑ์ อุตสาหกรรม หลักการและแนวทางการบริหารความเสี่ยง( 24 สิงหาคม 2555)",,"ok","2026-06-30","2026-06-05T17:44:56.542233+00:00","2026-07-11T12:39:14.098872+00:00",,"5",,,,,,,,"true",,,,,
"21","LA-022","LA",,"ประกาศกระทรวงอุตสาหกรรม ฉบับที่ 5114 (พ.ศ. 2561) ออกตามความในพระราชบัญญัติมาตรฐานผลิตภัณฑ์อุตสาหกรรม พ.ศ. 2511 เรื่อง กำหนดมาตรฐานผลิตภัณฑ์อุตสาหกรรมระบบการจัดการอาชีวอนามัยและความปลอดภัย  – ข้อกำหนดและข้อแนะนำในการใช้",,"ok","2026-03-31","2026-06-05T17:44:56.542233+00:00","2026-07-11T12:39:14.098872+00:00",,"5",,,,,,,,"true",,,,,
"1402","LA-044","LA","กระทรวงสาธารณสุข","กฎกระทรวงควบคุมสถานประกอบกิจการที่เป็นอันตรายต่อสุขภาพ พ.ศ. ๒๕๖๐","04/08/2560","bad",,"2026-08-13T03:51:55.401+00:00","2026-08-13T03:51:55.401+00:00","กฎกระทรวง","4",,,,,"04/08/2560","หลักฐานการได้รับความเห็นชอบจากเจ้าพนักงานท้องถิ่น (กรณีกำจัดมูลฝอยเอง), บันทึกผลการตรวจสุขภาพผู้ปฏิบัติงาน, บันทึกการตรวจสอบ/บำรุงรักษาอุปกรณ์-เครื่องจักร",,"true","Safety",,,,
"1235","LA-R01","LA",,"กฎกระทรวง กำหนดมาตรฐานในการบริหารและการจัดการด้านความปลอดภัย อาชีวอนามัย และสภาพแวดล้อมในการทำงาน พ.ศ. ๒๕๔๙",,"repealed",,"2026-07-11T12:39:14.098872+00:00","2026-07-11T12:39:14.098872+00:00",,"5",,"ยกเลิกตามทะเบียน F-259 (ส่วนกฎหมายที่ยกเลิก)",,,,,,"true",,,,,
"1236","LA-R02","LA","กระทรวงแรงงาน","กฎกระทรวง กำหนดมาตรฐานในการบริหารและการจัดการด้านความปลอดภัย อาชีวอนามัย และสภาพแวดล้อมในการทำงาน พ.ศ. ๒๕๔๙ (ต่อ)",,"repealed",,"2026-07-11T12:39:14.098872+00:00","2026-07-11T12:39:14.098872+00:00",,"5",,"ยกเลิกตามทะเบียน F-259 (ส่วนกฎหมายที่ยกเลิก)",,,,,,"true",,,,,
"38","LA-021","LA",,"ประกาศกระทรวงสาธารณสุข เรื่อง ชื่อหรืออาการสำคัญของโรคจากสิ่งแวดล้อม พ.ศ. 2563",,"repealed","2026-06-30","2026-06-05T17:44:56.542233+00:00","2026-07-11T12:39:14.098872+00:00",,"5",,"ยกเลิกตามทะเบียน F-259 (ส่วนกฎหมายที่ยกเลิก)","LA-037",,,,,"true",,,,,
"1239","LA-022-R","LA",,"ประกาศกระทรวงสาธารณสุข เรื่อง ชื่อหรืออาการสำคัญของโรคจากสิ่งแวดล้อม2563",,"repealed",,"2026-07-11T12:39:14.098872+00:00","2026-07-11T12:39:14.098872+00:00",,"5",,"ยกเลิกตามทะเบียน F-259 (ส่วนกฎหมายที่ยกเลิก)",,,,,,"true",,,,,
"1240","LA-023-R","LA",,"ประกาศกระทรวงสาธารณสุข เรื่อง ชื่อหรืออาการสำคัญของโรคจากสิ่งแวดล้อม (ฉบับที่ 2) พ.ศ. 2565 (ลงวันที่ 7 มีนาคม 2565)",,"repealed",,"2026-07-11T12:39:14.098872+00:00","2026-07-11T12:39:14.098872+00:00",,"5",,"ยกเลิกตามทะเบียน F-259 (ส่วนกฎหมายที่ยกเลิก)",,,,,,"true",,,,,
"39","LB-001","LB","กระทรวงพลังงาน","พระราชบัญญัติควบคุมน้ำมันเชื้อเพลิง พ.ศ.2542","02/12/2542","ok","2026-09-30","2026-06-05T17:44:56.542233+00:00","2026-07-11T12:39:14.098872+00:00",,"5",,,,,,,,"true",,,,,
"55","LB-002","LB","กระทรวงพลังงาน","กฎกระทรวง สถานที่เก็บรักษาน้ำมันเชื้อเพลิง พ.ศ. ๒๕๕๑","14/03/2551","repealed","2026-09-30","2026-06-05T17:44:56.542233+00:00","2026-07-11T12:39:14.098872+00:00",,"5",,"ตรวจสอบทราย
จัดซื้อวัสดุดูดซับมาเรียบร้อยแล้ว",,,"14/06/2551",,,"true",,,,,
"94","LF-001","LF","สำนักงานคณะกรรมการกิจการกระจายเสียง กิจการโทรทัศน์ และกิจการโทรคมนาคมแห่งชาติ","พรบ.การประกอบกิจการโทรคมนาคม 2544","16/11/2564","ok","2026-06-30","2026-06-05T17:44:56.542233+00:00","2026-07-11T12:39:14.098872+00:00",,"5",,,,,"17/11/2564",,,"true",,,,,
"1","LA-001","LA","กระทรวงแรงงาน","ประกาศกรมสวัสดิการและคุ้มครองแรงงาน  เรื่อง แบบการแจ้งการดำเนินการหรือส่งเอกสารตามมาตรฐานในการบริหารและการจัดการด้านความปลอดภัยอาชีวอนามัย และสภาพแวดล้อมในการทำงานทางสื่ออิเล็กทรอนิกส์ พ.ศ.2553","17/03/2553","ok","2026-03-31","2026-06-05T17:44:56.542233+00:00","2026-07-11T12:39:14.098872+00:00",,"5",,,,,"18/03/2553",,,"true",,,,,
"3","LA-003","LA","กระทรวงสาธารณสุข","ประกาศคณะกรรมการการแพทย์ฉุกเฉิน เรื่อง กำหนดให้การใช้เครื่องฟื้นคืนคลื่นหัวใจด้วยไฟฟ้าแบบอัตโนมัติเป็นการปฐมพยาบาล พ.ศ. 2558","22/04/2558","ok","2026-09-30","2026-06-05T17:44:56.542233+00:00","2026-07-11T12:39:14.098872+00:00",,"5",,,,,,,,"true",,,,,
"1238","LA-008-R","LA","กระทรวงแรงงาน","ประกาศกรมสวัสดิการและคุ้มครองแรงงาน เรื่อง สัญลักษณ์เตือนอันตราย เครื่องหมายเกี่ยวกับความปลอดภัย อาชีวอนามัย และสภาพแวดล้อมในการทำงาน และข้อความแสดงสิทธิและหน้าที่ของนายจ้างและลูกจ้าง พ.ศ. 2554","30/11/2554","repealed",,"2026-07-11T12:39:14.098872+00:00","2026-07-11T12:39:14.098872+00:00",,"5",,"ยกเลิกตามทะเบียน F-259 (ส่วนกฎหมายที่ยกเลิก)",,,"30/11/2554",,,"true",,,,,
"72","LD-004","LD",,"ประกาศกรมสวัสดิการและคุ้มครองแรงงาน เรื่อง หลักเกณฑ์และวิธีการจัดทำมาตรการอนุรักษ์การได้ยินในสถานประกอบกิจการ","12/06/2561","ok","2026-12-31","2026-06-05T17:44:56.542233+00:00","2026-07-11T12:39:14.098872+00:00",,"5",,,,,"13/06/2561",,,"true",,,,,
"6","LA-006","LA","กระทรวงแรงงาน","กฎกระทรวง กำหนดมาตรฐานเกี่ยวกับระบบการจัดการด้านความปลอดภัย พ.ศ. ๒๕๖๕","11/04/2565","ok","2026-06-30","2026-06-05T17:44:56.542233+00:00","2026-07-29T15:04:17.015+00:00",,"5",,,,,"11/06/2565",,,"true",,,,,
"2","LA-002","LA","กระทรวงแรงงาน","พระราชบัญญัติ ความปลอดภัย อาชีวอนามัย และสภาพแวดล้อมในการทำงาน พ.ศ. ๒๕๕๔","17/01/2554","ok","2026-06-30","2026-06-05T17:44:56.542233+00:00","2026-07-31T15:18:29.978977+00:00",,"5",,,,,,,,"true",,,,,
"4","LA-004","LA","กระทรวงแรงงาน","ประกาศกรมสวัสดิการและคุ้มครองแรงงาน เรื่อง กำหนดแบบและวิธีการแจ้งการเกิดอุบัติภัยร้ายแรง หรือลูกจ้างประสบอันตรายจากการทำงานและการส่งสำเนาหนังสือแจ้งการประสบอันตรายหรือเจ็บป่วยต่อสำนักงานประกันสังคมตามกฎหมายว่าด้วยเงินทดแทน ทางสื่ออิเล็กทรอนิกส์","05/10/2559","ok","2026-12-31","2026-06-05T17:44:56.542233+00:00","2026-07-31T15:18:29.978977+00:00",,"5",,,,,,,,"true",,,,,
"5","LA-005","LA","กระทรวงสาธารณสุข","กฎกระทรวง ควบคุมสถานประกอบกิจการที่เป็นอันตรายต่อสุขภาพ พ.ศ. 2560","04/08/2560","ok","2026-03-31","2026-06-05T17:44:56.542233+00:00","2026-07-31T15:18:29.978977+00:00",,"5",,,,,,,,"true",,,,,
"71","LD-003","LD","แรงงาน","ประกาศกรมสวัสดิการและคุ้มครองแรงงาน
เรื่อง หลักเกณฑ์ วิธีการตรวจวัด และการวิเคราะห์สภาวะการทำงานเกี่ยวกับระดับความร้อน
แสงสว่าง หรือเสียง รวมทั้งระยะเวลาและประเภทกิจการที่ต้องดำเนินการ  (ต่อ)",,"ok","2026-09-30","2026-06-05T17:44:56.542233+00:00","2026-07-11T12:39:14.098872+00:00",,"5",,,,,,,,"true",,,,,
"1282","LD-015","LD",,"พระราชบัญญัติเงินทดแทน พ.ศ. 2537",,"ok",,"2026-07-11T12:39:14.098872+00:00","2026-07-11T12:39:14.098872+00:00",,"5",,,,,,,,"true",,,,,
"82","LD-012","LD",,"เรื่อง กำหนดชนิดของโรคซึ่งเกิดขึ้นตามลักษณะหรือสภาพของงานหรือเนื่องจากการทำงาน
ประกาศ: 15 สิงหาคม 2550",,"repealed","2026-06-30","2026-06-05T17:44:56.542233+00:00","2026-07-11T12:39:14.098872+00:00",,"5",,"ยกเลิกตามทะเบียน F-259 (ส่วนกฎหมายที่ยกเลิก)","LD-014","F-259 ทะเบียนกฎหมาย",,,,"true",,,,,
"139","LF-046","LF",,"พระราชกฤษฎีกา ออกตามความในประมวลรัษฎากร ว่าด้วยการลดอัตราภาษีมูลค่าเพิ่ม (ฉบับที่ 799) พ.ศ.2568","14/09/2568","ok",,"2026-06-08T08:52:01.989838+00:00","2026-07-11T12:39:14.098872+00:00",,"5",,,,,"01/10/2568",,,"true",,,,,
"96","LF-003","LF","กระทรวงดิจิทัลเพื่อเศรษฐกิจและสังคม, สำนักงานคณะกรรมการคุ้มครองข้อมูลส่วนบุคคล","พรบ.ข้อมูลส่วนบุคคล 2562","27/05/2562","ok","2026-12-31","2026-06-05T17:44:56.542233+00:00","2026-07-11T12:39:14.098872+00:00",,"5",,,,,"01/06/2565",,,"true",,,,,
"105","LF-012","LF","สำนักงานคณะกรรมการคุ้มครองข้อมูลส่วนบุคคล","ประกาศคณะกรรมการคุ้มครองข้อมูลส่วนบุคคล เรื่อง มาตรการรักษาความมั่นคงปลอดภัยของผู้ควบคุมข้อมูลส่วนบุคคล พ.ศ. 2565",,"ok","2026-03-31","2026-06-05T17:44:56.542233+00:00","2026-07-11T12:39:14.098872+00:00",,"5",,,,,,,,"true",,,,,
"9","LA-009","LA","กระทรวงแรงงาน","ประกาศกรมสวัสดิการและคุ้มครองแรงงาน
เรื่อง การแจ้งการขึ้นทะเบียน การพ้นจากตาแหน่งหรือพ้นจากหน้าที่
ของเจ้าหน้าที่ความปลอดภัยในการทางาน และผู้บริหารหน่วยงานความปลอดภัย","10/10/2565","ok","2026-03-31","2026-06-05T17:44:56.542233+00:00","2026-07-11T12:39:14.098872+00:00",,"5",,,,,,,,"true",,,,,
"10","LA-010","LA","กระทรวงแรงงาน","ประกาศกรมสวัสดิการและคุ้มครองแรงงาน
เรื่อง การฝึกอบรมหรือการพัฒนาความรู้ของเจ้าหน้าที่ความปลอดภัยในการท างานระดับเทคนิค
ระดับเทคนิคขั้นสูง และระดับวิชาชีพ เกี่ยวกับความปลอดภัยในการทำงานเพิ่มเติม","26/10/2565","ok","2026-06-30","2026-06-05T17:44:56.542233+00:00","2026-07-11T12:39:14.098872+00:00",,"5",,,,,"27/10/2565",,,"true",,,,,
"13","LA-013","LA","กระทรวงแรงงาน","กฎกระทรวง กำหนดอัตราน้ำหนักที่นายจ้างให้ลูกจ้างทำงานได้ พ.ศ. 2547","10/06/2547","ok","2026-03-31","2026-06-05T17:44:56.542233+00:00","2026-07-11T12:39:14.098872+00:00",,"5",,,,,"07/12/2547",,,"true",,,,,
"15","LA-015","LA",,"ประกาศกรมสวัสดิการและคุ้มครองแรงงาน เรื่อง กำหนดมาตรฐานอุปกรณ์คุ้มครองความปลอดภัยส่วนบุคคล  พ.ศ. 2554","27/09/2554","ok","2026-09-30","2026-06-05T17:44:56.542233+00:00","2026-07-11T12:39:14.098872+00:00",,"5",,,,,"28/09/2554",,,"true",,,,,
"16","LA-016","LA",,"ประกาศกระทรวง อุตสาหกรรมฉบับที่ 4349 (พ.ศ. 2554)ออกตามความในระราชบัญญัติมาตรฐานลิตภัณฑ์อุตสาหกรรม พ.ศ. 2511 เรื่อง ยกเลิกและ กำหนดมาตรฐานลิตภัณฑ์ ตสาหกรรมรองเท้าหนังนิรภัย 

แก้คำผิดประกาศกระทรวงอุตสาหกรรม  ฉบับที่ 4349 (พ.ศ. 2554) ออกตามความในพระราชบัญญัติมาตรฐานผลิตภัณฑ์อุตสาหกรรม พ.ศ. 2511  เรื่อง  ยกเลิกและกำหนดมาตรฐานผลิตภัณฑ์อุตสาหกรรม  รองเท้านิรภัย  ประกาศ ; 20 กุมภาพันธ์ 2556","15/09/2554","ok","2026-12-31","2026-06-05T17:44:56.542233+00:00","2026-07-11T12:39:14.098872+00:00",,"5",,,,,"270 วันนับจาก",,,"true",,,,,
"78","LD-010","LD","กระทรวงอุตสาหกรรม","ประกาศกระทรวงอุตสาหกรรม ฉบับที่ 4745 (พ.ศ. 2558) ออกตามความในพระราชบัญญัติมาตรฐานผลิตภัณฑ์อุตสาหกรรม พ.ศ.2511 เรื่องกำหนดมาตรฐานผลิตภัณฑ์อุตสาหกรรมการติดตั้งระบบการให้แสงสว่างฉุกเฉิน","09/12/2558","ok","2026-06-30","2026-06-05T17:44:56.542233+00:00","2026-07-11T12:39:14.098872+00:00",,"5",,,,,,,,"true",,,,,
"79","LD-011","LD","กระทรวงสาธารณสุข","ประกาศกระทรวงสาธารณสุข เรื่อง การแจ้งข้อมูลที่จำเป็นเกี่ยวกับ
การเฝ้าระวัง การป้องกัน และ
การควบคุมโรคจากการประกอบอาชีพแก่ลูกจ้าง พ.ศ. 2565","23/03/2565","ok","2026-09-30","2026-06-05T17:44:56.542233+00:00","2026-07-11T12:39:14.098872+00:00",,"5",,,,,"23/03/2566",,,"true",,,,,
"80","LD-013","LD","กระทรวงแรงงาน","กฎกระทรวงกำหนดงานที่มีลักษณะอาจเป็นอันตรายต่อสุขภาพและความปลอดภัยของหญิงมีครรภ์หรือเด็กซึ่งมีอายุต่ำกว่าสิบห้าปี พ.ศ. 2560 ประกาศ : 18 พฤษภาคม 2560","18/05/2560","ok","2026-12-31","2026-06-05T17:44:56.542233+00:00","2026-07-11T12:39:14.098872+00:00",,"5",,,,,,,,"true",,,,,
"81","LD-014","LD","กระทรวงแรงงาน","ประกาศกระทรวงแรงงาน เรื่อง กำหนดชนิดของโรคซึ่งเกิดขึ้นตามลักษณะหรือสภาพของงานหรือเนื่องจากการทำงาน","07/02/2566","ok","2026-03-31","2026-06-05T17:44:56.542233+00:00","2026-07-11T12:39:14.098872+00:00",,"5",,,,,,,,"true",,,,,
"83","LE-001","LE","แรงงาน","กฎกระทรวงกำหนดมาตรฐานในการบริหาร จัดการ และดำเนินการด้านความปลอดภัย อาชีวอนามัย และสภาพแวดล้อมในการทำงานเกี่ยวกับนั่งร้านและค้ำยัน พ.ศ. 2564","01/03/2564","ok","2026-09-30","2026-06-05T17:44:56.542233+00:00","2026-07-11T12:39:14.098872+00:00",,"5",,,,,"01/06/2564",,,"true",,,,,
"84","LE-002","LE","แรงงาน","กฎกระทรวงกำหนดมาตรฐานในการบริหาร จัดการ และดำเนินการด้านความปลอดภัย อาชีวอนามัย และสภาพแวดล้อมในการทำงานเกี่ยวกับงานก่อสร้าง พ.ศ. 2564","02/03/2564","ok","2026-12-31","2026-06-05T17:44:56.542233+00:00","2026-07-11T12:39:14.098872+00:00",,"5",,,,,"02/06/2564",,,"true",,,,,
"85","LE-003","LE","แรงงาน","กฎกระทรวงกำหนดมาตรฐานในการบริหาร จัดการ และดำเนินการด้านความปลอดภัย อาชีวอนามัย และสภาพแวดล้อมในการทำงาน ในสถานที่ที่มีอันตรายจากการตกจากที่สูงและที่ลาดชัน จากวัสดุกระเด็น ตกหล่น และพังทลายและจากการตกลงไปในภาชนะเก็บหรือรองรับวัสดุ พ.ศ. 2564","02/03/2564","ok","2026-03-31","2026-06-05T17:44:56.542233+00:00","2026-07-11T12:39:14.098872+00:00",,"5",,,,,"02/06/2564",,,"true",,,,,
"86","LE-004","LE","แรงงาน","กฎกระทรวงกำหนดมาตรฐานในการบริหารและการจัดการด้านความปลอดภัย อาชีวอนามัย และสภาพแวดล้อมในการทำงานในที่อับอากาศ พ.ศ. 2547
บังคับใช้ : 27 ตุลาคม 2547",,"ok","2026-06-30","2026-06-05T17:44:56.542233+00:00","2026-07-11T12:39:14.098872+00:00",,"5",,,,,"27/10/2547",,,"true",,,,,
"87","LE-005","LE","แรงงาน","ประกาศกรมสวัสดิการและคุ้มครองแรงงาน เรื่องกำหนดแบบใบอนุญาตให้พนักงานเข้าทำงานในสถานที่อับอากาศ
บังคับใช้ : 29 กันยายน 2540",,"ok","2026-09-30","2026-06-05T17:44:56.542233+00:00","2026-07-11T12:39:14.098872+00:00",,"5",,,,,"29/09/2540",,,"true",,,,,
"88","LE-006","LE","แรงงาน","ประกาศกรมสวัสดิการและคุ้มครองแรงงาน เรื่องกำหนดมาตรฐานอุปกรณ์คุ้มครองความปลอดภัยส่วนบุคคล อุปกรณ์ช่วยเหลือและช่วยชีวิตสำหรับการทำงานในที่อับอากาศ
บังคับใช้ :  21 ตุลาคม 2548",,"ok","2026-12-31","2026-06-05T17:44:56.542233+00:00","2026-07-11T12:39:14.098872+00:00",,"5",,,,,"21/10/2548",,,"true",,,,,
"90","LE-008","LE",,"ประกาศคณะกรรมการกำหนดมาตรฐานด้านการตรวจสอบและรับรอง ฉบับที่ 1 (พ.ศ. 2561)ออกตามความในพระราชบัญญัติการมาตรฐาน แห่งชาติ พ.ศ. 2551 เรื่องกำหนดมาตรฐานการตรวจสอบและรับรองแห่งชาติข้อปฏิบัติการทำงานในที่อับอากาศ","22/02/2562","ok","2026-06-30","2026-06-05T17:44:56.542233+00:00","2026-07-11T12:39:14.098872+00:00",,"5",,,,,,,,"true",,,,,
"91","LE-009","LE","แรงงาน","ประกาศกรมสวัสดิการและคุ้มครองแรงงาน เรื่อง หลักเกณฑ์ วิธีการ และหลักสูตรการฝึกอบรมความปลอดภัยในการทำงานในที่อับอากาศ","11/03/2564","ok","2026-09-30","2026-06-05T17:44:56.542233+00:00","2026-07-11T12:39:14.098872+00:00",,"5",,,,,"11/04/2564",,,"true",,,,,
"92","LE-10","LE",,"กฎกระทรวงกำหนดมาตรฐานในการบริหาร จัดการ และดำเนินการด้านความปลอดภัย อาชีวอนามัย และสภาพแวดล้อมในการทำงานเกี่ยวกับเครื่องจักร ปั้นจั่น และหม้อน้ำ พ.ศ. 2564","06/08/2564","ok","2026-12-31","2026-06-05T17:44:56.542233+00:00","2026-07-11T12:39:14.098872+00:00",,"5",,,,,"06/11/2564",,,"true",,,,,
"95","LF-002","LF","สำนักงานคณะกรรมการกิจการกระจายเสียง กิจการโทรทัศน์ และกิจการโทรคมนาคมแห่งชาติ","ประกาศ กสทช. ข้อกำหนดด้านวิชาชีพวิศวกรสำหรับผู้รับใบอนุญาตประกอบกิจการโทรคมนาคม 3","16/11/2564","ok","2026-09-30","2026-06-05T17:44:56.542233+00:00","2026-07-11T12:39:14.098872+00:00",,"5",,,,,"17/11/2564",,,"true",,,,,
"97","LF-004","LF","สำนักงานคณะกรรมการการรักษาความมั่นคงปลอดภัยไซเบอร์แห่งชาติ","พรบ.การรักษาความมั่นคงปลอดภัยไซเบอร์","27/05/2562","ok","2026-03-31","2026-06-05T17:44:56.542233+00:00","2026-07-11T12:39:14.098872+00:00",,"5",,,,,"28/05/2562",,,"true",,,,,
"98","LF-005","LF","ประกาศกระทรวงดิจิทัลเพื่อเศรษฐกิจและสังคม","พระราชบัญญัติว่าด้วยการกระทำความผิดเกี่ยวกับคอมพิวเตอร์ พ.ศ.2550 และ พระราชบัญญัติว่าด้วยการกระทำความผิดเกี่ยวกับคอมพิวเตอร์ (ฉบับที่ 2) พ.ศ. 2560 และ/หรือที่จะมีการแก้ไขเพิ่มเติมในภายหน้า","24/01/2560","ok","2026-06-30","2026-06-05T17:44:56.542233+00:00","2026-07-11T12:39:14.098872+00:00",,"5",,,,,"24/04/2560",,,"true",,,,,
"99","LF-006","LF","ประกาศกระทรวงดิจิทัลเพื่อเศรษฐกิจและสังคม","ประกาศกระทรวงดิจิทัลเพื่อเศรษฐกิจและสังคม เรื่องหลักเกณฑ์ ระยะเวลา และวิธีการปฏิบัติสำหรับการระงีบการทำให้แพร่หลายหรือลบข้อมูลคอมพิวเตอร์ของพนักงานเจ้าหน้าที่หรือผู้ให้บริการ พศ 2560","22/07/2560","ok","2026-09-30","2026-06-05T17:44:56.542233+00:00","2026-07-11T12:39:14.098872+00:00",,"5",,,,,"23/07/2560",,,"true",,,,,
"100","LF-007","LF","กระทรวงพาณิชย์, กรมทรัพย์สินทางปัญญา","พรบ. ลิขสิทธิ์ พ.ศ. 2537 แก้ไขเพิ่มเติมโดยพระราชบัญญัติลิขสิทธิ์ (ฉบับที่ 2) พ.ศ. 2558, พระราชบัญญัติลิขสิทธิ์ (ฉบับที่ 3) พ.ศ. 2558 และพระราชบัญญัติลิขสิทธิ์ (ฉบับที่ 4) พ.ศ. 2561","09/12/2537","ok","2026-12-31","2026-06-05T17:44:56.542233+00:00","2026-07-11T12:39:14.098872+00:00",,"5",,,,,"09/01/2538",,,"true",,,,,
"101","LF-008","LF","กระทรวงพาณิชย์, กรมทรัพย์สินทางปัญญา","พรบ.ความลับทางการค้า พ.ศ. 2545 และ พรบ.ความลับทางการค้า (ฉบับที่ 2) พ.ศ. 2558","12/04/2545","ok","2026-03-31","2026-06-05T17:44:56.542233+00:00","2026-07-11T12:39:14.098872+00:00",,"5",,,,,"12/07/2545",,,"true",,,,,
"102","LF-009","LF","กระทรวงดิจิทัลเพื่อเศรษฐกิจและสังคม","ประกาศกระทรวงดิจิทัลเพื่อเศรษฐกิจและสังคม เรื่อง หลักเกณฑ์การเก็บรักษาข้อมูลจราจรทางคอมพิวเตอร์ของผู้ให้บริการ พ.ศ.  ประกาศวันที่ 2564","13/08/2564","ok","2026-06-30","2026-06-05T17:44:56.542233+00:00","2026-07-11T12:39:14.098872+00:00",,"5",,,,,"14/08/2564",,,"true",,,,,
"103","LF-010","LF","สำนักงานคณะกรรมการกิจการกระจายเสียง กิจการโทรทัศน์ และกิจการโทรคมนาคมแห่งชาติ","ประกาศ กสทช. เรื่อง เงื่อนไขมาตรฐานในการอนุญาตประกอบกิจการโทรคมนาคม 2564","06/07/2550","ok","2026-09-30","2026-06-05T17:44:56.542233+00:00","2026-07-11T12:39:14.098872+00:00",,"5",,,,,,,,"true",,,,,
"104","LF-011","LF","สำนักงานคณะกรรมการกิจการกระจายเสียง กิจการโทรทัศน์ และกิจการโทรคมนาคมแห่งชาติ","ประกาศ กสทช. เรื่อง ประกาศคณะกรรมการกำกับดูแลด้านความมั่นคงปลอดภัยไซเบอร์ เรื่อง ประมวลแนวทางปฏิบัติและกรอบมาตรฐานด้านการรักษาความมั่นคงปลอดภัยไซเบอร์ สำหรับหน่วยงานของรัฐและหน่วยงานโครงสร้างพื้นฐานสำคัญทางสารสนเทศ พ.ศ. 2564","06/09/2564","ok","2026-12-31","2026-06-05T17:44:56.542233+00:00","2026-07-11T12:39:14.098872+00:00",,"5",,,,,"06/09/2565",,,"true",,,,,
"106","LF-013","LF","กระทรวงดิจิทัลเพื่อเศรษฐกิจและสังคม","ประกาศกระทรวงดิจิทัลเพื่อเศรษฐกิจและสังคม เรื่อง ขั้นตอนการแจ้งเตือน การระงับการทำให้แพร่หลายของข้อมูลคอมพิวเตอร์ และการนำข้อมูลคอมพิวเตอร์ออกจากระบบคอมพิวเตอร์ พ.ศ. 2565 แทนที่ประกาศฉบับเดิม (พ.ศ. 2560)","26/10/2565","ok","2026-06-30","2026-06-05T17:44:56.542233+00:00","2026-07-11T12:39:14.098872+00:00",,"5",,,,,"26/12/2565",,,"true",,,,,
"107","LF-014","LF","สำนักงานคณะกรรมการ
คุ้มครองข้อมูลส่วนบุคคล","ประกาศคณะกรรมการคุ้มครองข้อมูลส่วนบุคคล เรื่อง หลักเกณฑ์และวิธีการในการแจ้งเหตุการละเมิดข้อมูลส่วนบุคคล พ.ศ. 2565","15/12/2565","ok","2026-09-30","2026-06-05T17:44:56.542233+00:00","2026-07-11T12:39:14.098872+00:00",,"5",,,,,"15/12/2565",,,"true",,,,,
"108","LF-015","LF","สำนักงานคณะกรรมการ
คุ้มครองข้อมูลส่วนบุคคล","ประกาศคณะกรรมการคุ้มครองข้อมูลส่วนบุคคล เรื่อง  หลักเกณฑ์และวิธีการในการจัดทำและเก็บรักษาบันทึกรายการของกิจกรรมการประมวลผลข้อมูลส่วนบุคคลสำหรับผู้ประมวลผลข้อมูลส่วนบุคคล พ.ศ. 2565","20/06/2565","ok","2026-12-31","2026-06-05T17:44:56.542233+00:00","2026-07-11T12:39:14.098872+00:00",,"5",,,,,"20/12/2565",,,"true",,,,,
"109","LF-016","LF","สำนักงานคณะกรรมการกิจการกระจายเสียง กิจการโทรทัศน์ และกิจการโทรคมนาคมแห่งชาติ","ประกาศคณะกรรมการกิจการกระจายเสียง กิจการโทรทัศน์ และกิจการโทรคมนาคมแห่งชาติ เรื่อง มาตรการคุ้มครองสิทธิของผู้ใช้บริการโทรคมนาคมเกี่ยวกับข้อมูลส่วนบุคคล สิทธิในความเป็นส่วนตัว และเสรีภาพในการสื่อสารถึงกันโดยทางโทรคมนาคม","04/09/2566","ok","2026-03-31","2026-06-05T17:44:56.542233+00:00","2026-07-11T12:39:14.098872+00:00",,"5",,,,,"05/09/2566",,,"true",,,,,
"110","LF-017","LF","กระทรวงพาณิชย์, 
กรมทรัพย์สินทางปัญญา","พระราชบัญญัติลิขสิทธิ์ (ฉบับที่ 5) พ.ศ. 2565","24/04/2565","ok","2026-06-30","2026-06-05T17:44:56.542233+00:00","2026-07-11T12:39:14.098872+00:00",,"5",,,,,"24/08/2565",,,"true",,,,,
"111","LF-018","LF","กระทรวงดิจิทัลเพื่อเศรษฐกิจและสังคม","พระราชกำหนด มาตรการป้องกันและปราบปรามอาชญากรรมทางเทคโนโลยี พ.ศ. 2566","16/03/2566","ok","2026-09-30","2026-06-05T17:44:56.542233+00:00","2026-07-11T12:39:14.098872+00:00",,"5",,,,,"17/03/2566",,,"true",,,,,
"112","LF-019","LF","สำนักงานคณะกรรมการการรักษาความมั่นคงปลอดภัยไซเบอร์แห่งชาติ","ประกาศคณะกรรมการกำกับดูแลด้านความมั่นคงปลอดภัยไซเบอร์ เรื่อง  หลักเกณฑ์และวิธีการรายงานภัยคุกคามทางไซเบอร์ พ.ศ. 2566","09/05/2566","ok","2026-12-31","2026-06-05T17:44:56.542233+00:00","2026-07-11T12:39:14.098872+00:00",,"5",,,,,"10/05/2566",,,"true",,,,,
"113","LF-020","LF","สำนักงานคณะกรรมการ
คุ้มครองข้อมูลส่วนบุคคล","ประกาศคณะกรรมการคุ้มครองข้อมูลส่วนบุคคล เรื่อง  การจัดให้มีเจ้าหน้าที่คุ้มครองข้อมูลส่วนบุคคลตามมาตรา  41 (2) แห่งพระราชบัญญัติคุ้มครองข้อมูลส่วนบุคคล พ.ศ. 2562","14/09/2566","ok","2026-03-31","2026-06-05T17:44:56.542233+00:00","2026-07-11T12:39:14.098872+00:00",,"5",,,,,"14/12/2566",,,"true",,,,,
"114","LF-021","LF","สำนักงานคณะกรรมการ
คุ้มครองข้อมูลส่วนบุคคล","ประกาศคณะกรรมการคุ้มครองข้อมูลส่วนบุคคล เรื่อง หลักเกณฑ์การให้ความคุ้มครองข้อมูลส่วนบุคคลที่ส่งหรือโอนไปยังต่างประเทศตามมาตรา 28 แห่งพระราชบัญญัติคุ้มครองข้อมูลส่วนบุคคล พ.ศ.2562 พ.ศ. 2566","25/12/2566","ok","2026-06-30","2026-06-05T17:44:56.542233+00:00","2026-07-11T12:39:14.098872+00:00",,"5",,,,,"25/03/2567",,,"true",,,,,
"115","LF-022","LF","สำนักงานคณะกรรมการ
คุ้มครองข้อมูลส่วนบุคคล","ประกาศคณะกรรมการคุ้มครองข้อมูลส่วนบุคคล เรื่อง หลักเกณฑ์การให้ความคุ้มครองข้อมูลส่วนบุคคลที่ส่งหรือโอนไปยังต่างประเทศตามมาตรา 29 แห่งพระราชบัญญัติคุ้มครองข้อมูลส่วนบุคคล พ.ศ.2562 พ.ศ. 2566","25/12/2566","ok","2026-09-30","2026-06-05T17:44:56.542233+00:00","2026-07-11T12:39:14.098872+00:00",,"5",,,,,"25/03/2567",,,"true",,,,,
"116","LF-023","LF","สำนักงานคณะกรรมการ
คุ้มครองข้อมูลส่วนบุคคล","ประกาศคณะกรรมการคุ้มครองข้อมูลส่วนบุคคล เรื่อง หลักเกณฑ์เกี่ยวกับมาตรการคุ้มครองสำหรับการเก็บรวบรวมข้อมูลส่วนบุคคลเกี่ยวกับประวัติอาชญากรรมที่มิได้กระทำภายใต้การควบคุมของหน่วยงานที่มีอำนาจหน้าที่ตามกฎหมาย พ.ศ. 2566","08/01/2567","ok","2026-12-31","2026-06-05T17:44:56.542233+00:00","2026-07-11T12:39:14.098872+00:00",,"5",,,,,"08/04/2567",,,"true",,,,,
"117","LF-024","LF","สำนักงานคณะกรรมการการรักษาความมั่นคงปลอดภัยไซเบอร์แห่งชาติ","ประกาศ กมช. เรื่อง มาตรฐานและแนวทางส่งเสริมพัฒนาระบบการให้บริการเกี่ยวกับการรักษาความมั่นคงปลอดภัยไซเบอร์ พ.ศ. 2566","18/01/2567","ok","2026-03-31","2026-06-05T17:44:56.542233+00:00","2026-07-11T12:39:14.098872+00:00",,"5",,,,,"19/01/2567",,,"true",,,,,
"118","LF-025","LF","สำนักงานคณะกรรมการการรักษาความมั่นคงปลอดภัยไซเบอร์แห่งชาติ","ประกาศ กมช. เรื่อง มาตรฐานการกำหนดคุณลักษณะความมั่นคงปลอดภัยไซเบอร์ให้แก่ข้อมูลหรือระบบสารสนเทศ พ.ศ. 2566","18/01/2567","ok","2026-06-30","2026-06-05T17:44:56.542233+00:00","2026-07-11T12:39:14.098872+00:00",,"5",,,,,"18/01/2568",,,"true",,,,,
"119","LF-026","LF","สำนักงานคณะกรรมการการรักษาความมั่นคงปลอดภัยไซเบอร์แห่งชาติ","ประกาศ กมช. เรื่อง มาตรฐานขั้นต่ำของข้อมูลหรือระบบสารสนเทศ พ.ศ. 2566","18/01/2567","ok","2026-09-30","2026-06-05T17:44:56.542233+00:00","2026-07-11T12:39:14.098872+00:00",,"5",,,,,"18/01/2568",,,"true",,,,,
"120","LF-027","LF","สำนักงานคณะกรรมการการรักษาความมั่นคงปลอดภัยไซเบอร์แห่งชาติ","ประกาศ สกมช. เรื่อง แนวทางการจัดทำแผนการรักษาความมั่นคงปลอดภัยไซเบอร์ พ.ศ. 2567","08/02/2567","ok","2026-12-31","2026-06-05T17:44:56.542233+00:00","2026-07-11T12:39:14.098872+00:00",,"5",,,,,"09/02/2567",,,"true",,,,,
"121","LF-028","LF","สำนักงานคณะกรรมการการรักษาความมั่นคงปลอดภัยไซเบอร์แห่งชาติ","ประกาศ  กกม. เรื่อง หน้าที่ของหน่วยงานโครงสร้างพื้นฐานสำคัญทางสารสนเทศและหน่วยงานควบคุมหรือกำกับดูแล พ.ศ. 2567","22/02/2567","ok","2026-03-31","2026-06-05T17:44:56.542233+00:00","2026-07-11T12:39:14.098872+00:00",,"5",,,,,"23/06/2567",,,"true",,,,,
"122","LF-029","LF","สำนักงานคณะกรรมการ
คุ้มครองข้อมูลส่วนบุคคล","ประกาศคณะกรรมการคุ้มครองข้อมูลส่วนบุคคล
เรื่อง หลักเกณฑ์ในการลบหรือทำลาย หรือทำให้ข้อมูลส่วนบุคคลเป็นข้อมูลที่ไม่สามารถระบุตัวบุคคลที่เป็นเจ้าของข้อมูลส่วนบุคคลได้ พ.ศ. 2567","13/08/2567","ok","2026-06-30","2026-06-05T17:44:56.542233+00:00","2026-07-11T12:39:14.098872+00:00",,"5",,,,,"13/11/2567",,,"true",,,,,
"123","LF-030","LF","คณะกรรมการการรักษาความมั่นคงปลอดภัยไซเบอร์แห่งชาติ","ประกาศ  กกม. เรื่อง มาตรฐานด้านการรักษาความมั่นคงปลอดภัยไซเบอร์ระบบคลาวด์ พ.ศ.2567","10/09/2567","ok","2026-09-30","2026-06-05T17:44:56.542233+00:00","2026-07-11T12:39:14.098872+00:00",,"5",,,,,"10/09/2569",,,"true",,,,,
"132","LF-031","LF",,"พระราชกฤษฎีกาออกตามความในประมวลรัษฎากร ว่าด้วยการลดอัตราภาษีมูลค่าเพิ่ม (ฉบับที่ 790) พ.ศ.2567","19/09/2567","ok",,"2026-06-08T08:51:56.895179+00:00","2026-07-11T12:39:14.098872+00:00",,"5",,,,,"01/10/2567",,,"true",,,,,
"124","LF-032","LF","กระทรวงการคลัง","ประกาศคณะกรรมการความร่วมมือป้องกันการทุจริต เรื่อง วงเงินในการจัดซื้อจัดจ้างและมาตรฐานขั้นต่ำของนโยบายและแนวทางป้องกันการทุจริตในการจัดซื้อจัดจ้างที่ผู้ประกอบการต้องจัดให้มี ตามมาตรา 19 แห่งพระราชบัญญัติการจัดซื้อจัดจ้างและการบริหารพัสดุภาครัฐ พ.ศ.2560","25/09/2567","ok","2026-12-31","2026-06-05T17:44:56.542233+00:00","2026-07-11T12:39:14.098872+00:00",,"5",,,,,"23/03/2568",,,"true",,,,,
"125","LF-033","LF","ประกาศกระทรวงอุตสาหกรรม","เรื่อง กำหนดมาตรฐานผลิตภัณฑ์อุตสาหกรรม เส้นใยนำแสง เล่ม 1 (1) วิธีการวัดและขั้นตอนการทดสอบ - ทั่วไปและข้อแนะนำ พ.ศ.2567","19/09/2567","ok","2026-03-31","2026-06-05T17:44:56.542233+00:00","2026-07-11T12:39:14.098872+00:00",,"5",,,,,"17/01/2568",,,"true",,,,,
"126","LF-034","LF","ประกาศกระทรวงอุตสาหกรรม","เรื่อง กำหนดมาตรฐานผลิตภัณฑ์อุตสาหกรรม เส้นใยนำแสง เล่ม 1 (31) วิธีการวัดและขั้นตอนการทดสอบ - ความต้านแรงดึง พ.ศ.2567","19/09/2567","ok","2026-06-30","2026-06-05T17:44:56.542233+00:00","2026-07-11T12:39:14.098872+00:00",,"5",,,,,"17/01/2568",,,"true",,,,,
"127","LF-035","LF","ประกาศกระทรวงอุตสาหกรรม","เรื่อง กำหนดมาตรฐานผลิตภัณฑ์อุตสาหกรรม เส้นใยนำแสง เล่ม 1 (32) วิธีการวัดและขั้นตอนการทดสอบ - ความสามารถในการลอกของสารเคลือบ พ.ศ.2567","19/09/2567","ok","2026-09-30","2026-06-05T17:44:56.542233+00:00","2026-07-11T12:39:14.098872+00:00",,"5",,,,,"17/01/2568",,,"true",,,,,
"128","LF-036","LF","ประกาศกระทรวงอุตสาหกรรม","เรื่อง กำหนดมาตรฐานผลิตภัณฑ์อุตสาหกรรม เส้นใยนำแสง เล่ม 1 (34) วิธีการวัดและขั้นตอนการทดสอบ - ความคดเส้นใย  พ.ศ.2567","19/09/2567","ok","2026-12-31","2026-06-05T17:44:56.542233+00:00","2026-07-11T12:39:14.098872+00:00",,"5",,,,,"17/01/2568",,,"true",,,,,
"133","LF-037","LF",,"พระราชกฤษฎีกา กำหนดระยะเวลาเริ่มดำเนินการจัดเก็บเงินสะสมและเงินสมทบกองทุนสงเคราะห์ลูกจ้าง พ.ศ.2567","15/11/2567","ok",,"2026-06-08T08:51:57.555633+00:00","2026-07-11T12:39:14.098872+00:00",,"5",,,,,"16/11/2567",,,"true",,,,,
"134","LF-038","LF","-","กฎกระทรวงกำหนดค่าใช้เขตทางหลวงท้องถิ่น พ.ศ.2567","26/11/2567","ok",,"2026-06-08T08:51:58.191379+00:00","2026-07-11T12:39:14.098872+00:00",,"5",,,,,"24/05/2568",,,"true",,,,,
"135","LF-039","LF","-","กฎกระทรวง ฉบับที่ 396 (พ.ศ.2567) ออกตามความในประมวลรัษฎากร ว่าด้วยการยกเว้นรัษฎากร","20/12/2567","ok",,"2026-06-08T08:51:59.418848+00:00","2026-07-11T12:39:14.098872+00:00",,"5",,,,,"ปีภาษี พ.ศ.2567",,,"true",,,,,
"136","LF-040","LF","-","พระราชกฤษฎีกาออกตามความในประมวลรัษฎากร ว่าด้วยการยกเว้นรัษฎากร (ฉบับที่ 794) พ.ศ.2568","24/03/2568","ok",,"2026-06-08T08:52:00.050302+00:00","2026-07-11T12:39:14.098872+00:00",,"5",,,,,"25/03/2568",,,"true",,,,,
"137","LF-041","LF","-","พระราชกฤษฎีกาออกตามความในประมวลรัษฎากร ว่าด้วยการยกเว้นรัษฎากร (ฉบับที่ 795) พ.ศ.2568","24/03/2568","ok",,"2026-06-08T08:52:00.695669+00:00","2026-07-11T12:39:14.098872+00:00",,"5",,,,,"25/03/2568",,,"true",,,,,
"129","LF-042","LF","กระทรวงดิจิทัลเพื่อเศรษฐกิจและสังคม (DE)","พระราชกำหนด มาตรการป้องกันและปราบปรามอาชญากรรมทางเทคโนโลยี (ฉบับที่ 2) พ.ศ.2568","12/04/2568","ok","2026-03-31","2026-06-05T17:44:56.542233+00:00","2026-07-11T12:39:14.098872+00:00",,"5",,,,,"13/04/2568",,,"true",,,,,
"138","LF-043","LF",,"กฎกระทรวง กำหนดเรื่องการจัดซื้อจัดจ้างกับหน่วยงานของรัฐที่ใช้สิทธิอุทธรณ์ไม่ได้ พ.ศ.2568","18/04/2568","ok",,"2026-06-08T08:52:01.32683+00:00","2026-07-11T12:39:14.098872+00:00",,"5",,,,,"19/04/2568",,,"true",,,,,
"130","LF-044","LF","กระทรวงแรงงาน","กฎกระทรวง กำหนดค่าล่วงเวลาและค่าตอบแทนการทำงานที่เกินวันละแปดชั่วโมง ในงานเฝ้าดูแลสถานที่ หรือทรัพย์สินอันเป็นหน้าที่การทำงานปกติของลูกจ้าง","24/04/2568","ok","2026-06-30","2026-06-05T17:44:56.542233+00:00","2026-07-11T12:39:14.098872+00:00",,"5",,,,,"24/04/2569",,,"true",,,,,
"131","LF-045","LF","กระทรวงแรงงาน","กฎกระทรวง การขออนุญาตทำงาน การออกใบอนุญาตทำงาน และการแจ้งการทำงานของคนต่างด้าว (ฉบับที่ 2) พ.ศ.2568","08/08/2568","ok","2026-09-30","2026-06-05T17:44:56.542233+00:00","2026-07-11T12:39:14.098872+00:00",,"5",,,,,,,,"true",,,,,
"140","LF-047","LF",,"ประกาศคณะกรรมการการรักษาความมั่นคงปลอดภัยไซเบอร์แห่งชาติ เรื่อง หลักเกณฑ์ ลักษณะหน่วยงานที่มีภารกิจหรือให้บริการ เป็นหน่วยงานโครงสร้างพื้นฐานสำคัญทางสารสนเทศ และการมอบหมายการควบคุมและกำกับดูแล พ.ศ.2568","16/09/2568","ok",,"2026-06-08T08:52:02.772228+00:00","2026-07-11T12:39:14.098872+00:00",,"5",,,,,"17/09/2568",,,"true",,,,,
"141","LF-048","LF",,"พระราชบัญญัติคุ้มครองแรงงาน (ฉบับที่ 9) พ.ศ.2568","07/11/2568","ok",,"2026-06-08T08:52:03.414661+00:00","2026-07-11T12:39:14.098872+00:00",,"5",,,,,"07/12/2568",,,"true",,,,,
"142","LF-049","LF",,"กฎกระทรวง ฉบับที่ 72 (พ.ศ. 2568) ออกตามความในพระราชบัญญัติควบคุมอาคาร พ.ศ.2522","19/11/2568","ok",,"2026-06-08T08:52:04.053836+00:00","2026-07-11T12:39:14.098872+00:00",,"5",,,,,,,,"true",,,,,
"143","LF-050","LF",,"กฎกระทรวงค่าจ้างขั้นต่ำและขั้นสูง ที่ใช้เป็นฐานในการคำนวณเงินสมทบของผู้ประกันตนตามมาตรา 33 พ.ศ. 2568","12/12/2568","ok",,"2026-06-08T08:52:04.655047+00:00","2026-07-11T12:39:14.098872+00:00",,"5",,,,,"01/01/2569",,,"true",,,,,
"144","LF-051","LF",,"พระราชกฤษฎีกาออกตามความในประมวลรัษฎากรว่าด้วยการยกเว้นรัษฎากร (ฉบับที่ 804) พ.ศ.2569","02/03/2569","ok",,"2026-06-08T08:52:05.290258+00:00","2026-07-11T12:39:14.098872+00:00",,"5",,,,,"03/03/2569",,,"true",,,,,
"145","LF-052","LF",,"พระราชกฤษฎีกาออกตามความในประมวลรัษฎากรว่าด้วยการยกเว้นรัษฎากร (ฉบับที่ 805) พ.ศ.2569","02/03/2569","ok",,"2026-06-08T08:52:05.884085+00:00","2026-07-11T12:39:14.098872+00:00",,"5",,,,,"03/03/2569",,,"true",,,,,
"146","LF-053","LF",,"คำสั่งสำนักงานทะเบียนหุ้นส่วนบริษัทกลาง ที่ 1/2569 เรื่อง หลักเกณฑ์และวิธีการจดทะเบียนกรณีแก้ไขเพิ่มเติมให้คนต่างด้าวเป็นหุ้นส่วนของห้างหุ้นส่วนหรือแก้ไขเพิ่มเติมให้คนต่างด้าวเป็นกรรมการผู้มีอำนาจลงนามในบริษัทจำกัด","26/03/2569","ok",,"2026-06-08T08:52:06.486812+00:00","2026-07-11T12:39:14.098872+00:00",,"5",,,,,"01/04/2569",,,"true",,,,,
"152","LF-054","LF",,"ประกาศสำนักงานคณะกรรมการกิจการกระจายเสียง กิจการโทรทัศน์ และกิจการโทรคมนาคมแห่งชาติ เรื่อง มาตรการเพื่อป้องกันอาชญากรรมทางเทคโนโลยี สำหรับผู้รับใบอนุญาตประกอบกิจการโทรคมนาคม (ฉบับที่ 2)","15/05/2569","ok",,"2026-07-09T04:50:53.966074+00:00","2026-07-11T12:39:14.098872+00:00",,"5",,,,,"16/05/2569",,,"true",,,,,
"153","LF-055","LF",,"ประกาศอธิบดีกรมสรรพากร (ฉบับที่ 57) เรื่อง กำหนดหลักเกณฑ์ วิธีการ และเงื่อนไข เพื่อการยกเว้นภาษีเงินได้ ภาษีมูลค่าเพิ่ม ภาษีธุรกิจเฉพาะ และอากรแสตมป์ สำหรับการบริจาคเพื่อสนับสนุนโครงการสร้างพระสถูปเจดีย์บรรจุพระบรมสารีริกธาตุ บริเวณพื้นที่พระมหาธาตุนภเมทนีดล นภพลภูมิสิริ จังหวัดเชียงใหม่","22/05/2569","ok",,"2026-07-09T04:50:53.966074+00:00","2026-07-11T12:39:14.098872+00:00",,"5",,,,,"01/01/2568",,,"true",,,,,
"93","LG-001","LG","กระทรวงแรงงาน","พระราชบัญญัติคุ้มครองแรงงาน พ.ศ. 2541","22/04/2541","ok","2026-03-31","2026-06-05T17:44:56.542233+00:00","2026-07-11T12:39:14.098872+00:00",,"5",,,,,,,,"true",,,,,
"1352","LG-002","LG","กรมสวัสดิการและคุ้มครองแรงงาน","ประกาศกรมสวัสดิการและ คุ้มครองแรงงาน เรื่อง หลักเกณฑ์และวิธีการเลือกตั้งคณะกรรมการสวัสดิการในสถานประกอบกิจการ ลงวันที่ 14 พฤษภาคม พ.ศ. 2545","14/05/2545","ok",,"2026-07-11T12:39:14.098872+00:00","2026-07-11T12:39:14.098872+00:00",,"5",,,,,,,,"true",,,,,
